ID,Type,RequestedTimestamp,RequestedLat,RequestedLon,ERA5Timestamp,CenterLat,CenterLon,GridDistanceKm,QC_Status
1987303N06088,TC,1987-10-30T00:00:00,6.2,87.8,1987-10-30T00:00:00,6.25,87.75,7.8395,PASSED
2011033N06083,TC,2011-02-02T09:00:00,6.5,82.5,2011-02-02T09:00:00,6.5,82.5,0.0,PASSED
2023317N10094,TC,2023-11-13T06:00:00,9.9,94.1,2023-11-13T06:00:00,10.0,94.0,15.6075,PASSED
2022224N22067,TC,2022-08-11T18:00:00,22.1,67.2,2022-08-11T18:00:00,22.0,67.25,12.2555,PASSED
2001163N20087,TC,2001-06-12T03:00:00,19.5,87.0,2001-06-12T03:00:00,19.5,87.0,0.0,PASSED
2006241N20088,TC,2006-08-29T03:00:00,20.5,87.5,2006-08-29T03:00:00,20.5,87.5,0.0,PASSED
2022324N10086,TC,2022-11-20T00:00:00,10.0,85.5,2022-11-20T00:00:00,10.0,85.5,0.0,PASSED
1989203N18086,TC,1989-07-22T03:00:00,18.0,86.0,1989-07-22T03:00:00,18.0,86.0,0.0,PASSED
1985213N20088,TC,1985-08-01T03:00:00,20.0,88.0,1985-08-01T03:00:00,20.0,88.0,0.0,PASSED
1982168N23090,TC,1982-06-17T03:00:00,23.0,90.0,1982-06-17T03:00:00,23.0,90.0,0.0,PASSED
2006271N18089,TC,2006-09-28T00:00:00,17.7,89.4,2006-09-28T00:00:00,17.75,89.5,11.9622,PASSED
2017199N19086,TC,2017-07-18T00:00:00,19.0,86.0,2017-07-18T00:00:00,19.0,86.0,0.0,PASSED
2022254N20085,TC,2022-09-11T00:00:00,19.5,84.7,2022-09-11T00:00:00,19.5,84.75,5.2409,PASSED
2011290N15090,TC,2011-10-17T00:00:00,15.2,89.5,2011-10-17T00:00:00,15.25,89.5,5.5598,PASSED
1996275N15082,TC,1996-10-01T03:00:00,15.0,82.0,1996-10-01T03:00:00,15.0,82.0,0.0,PASSED
2022140N16097,TC,2022-05-20T03:00:00,16.3,97.3,2022-05-20T03:00:00,16.25,97.25,7.7068,PASSED
2018263N17089,TC,2018-09-19T15:00:00,17.2,89.0,2018-09-19T15:00:00,17.25,89.0,5.5598,PASSED
1983252N25083,TC,1983-09-09T00:00:00,25.0,82.5,1983-09-09T00:00:00,25.0,82.5,0.0,PASSED
2014141N16091,TC,2014-05-21T03:00:00,15.5,90.5,2014-05-21T03:00:00,15.5,90.5,0.0,PASSED
2024295N15092,TC,2024-10-21T06:00:00,15.3,92.1,2024-10-21T06:00:00,15.25,92.0,12.0819,PASSED
2023212N19090,TC,2023-07-30T12:00:00,19.0,90.0,2023-07-30T12:00:00,19.0,90.0,0.0,PASSED
1985279N20072,TC,1985-10-06T03:00:00,19.5,71.5,1985-10-06T03:00:00,19.5,71.5,0.0,PASSED
2015216N23081,TC,2015-08-04T03:00:00,22.7,80.5,2015-08-04T03:00:00,22.75,80.5,5.5598,PASSED
2023293N12089,TC,2023-10-20T06:00:00,12.4,88.6,2023-10-20T06:00:00,12.5,88.5,15.5416,PASSED
2018136N11054,TC,2018-05-15T18:00:00,11.3,53.7,2018-05-15T18:00:00,11.25,53.75,7.7872,PASSED
1982150N13087,TC,1982-05-30T02:00:00,13.1,87.3,1982-05-30T02:00:00,13.0,87.25,12.3684,PASSED
2018314N12093,TC,2018-11-10T03:00:00,11.7,92.5,2018-11-10T03:00:00,11.75,92.5,5.5598,PASSED
2020327N08086,TC,2020-11-22T06:00:00,7.8,86.1,2020-11-22T06:00:00,7.75,86.0,12.3406,PASSED
1982309N12066,TC,1982-11-04T12:00:00,11.5,66.0,1982-11-04T12:00:00,11.5,66.0,0.0,PASSED
1998152N11075,TC,1998-06-01T06:00:00,10.6,74.7,1998-06-01T06:00:00,10.5,74.75,12.3902,PASSED
1998320N10102,TC,1998-11-16T00:00:00,10.1,102.3,1998-11-16T00:00:00,10.0,102.25,12.3941,PASSED
2019264N19071,TC,2019-09-20T18:00:00,19.3,71.3,2019-09-20T18:00:00,19.25,71.25,7.6455,PASSED
2015309N14067,TC,2015-11-04T12:00:00,14.0,66.9,2015-11-04T12:00:00,14.0,67.0,10.7892,PASSED
2023292N11063,TC,2023-10-19T06:00:00,10.7,62.6,2023-10-19T06:00:00,10.75,62.5,12.2586,PASSED
1993331N07108,TC,1993-11-27T00:00:00,7.4,107.7,1993-11-27T00:00:00,7.5,107.75,12.4111,PASSED
1994317N07070,TC,1994-11-13T00:00:00,7.5,69.5,1994-11-13T00:00:00,7.5,69.5,0.0,PASSED
2010151N14065,TC,2010-05-30T12:00:00,14.4,65.0,2010-05-30T12:00:00,14.5,65.0,11.1195,PASSED
2013324N07103,TC,2013-11-19T18:00:00,7.3,103.3,2013-11-19T18:00:00,7.25,103.25,7.8311,PASSED
1983309N10091,TC,1983-11-05T06:00:00,9.6,91.2,1983-11-05T06:00:00,9.5,91.25,12.3977,PASSED
1994117N07096,TC,1994-04-26T18:00:00,7.4,95.5,1994-04-26T18:00:00,7.5,95.5,11.1195,PASSED
1989143N17090,TC,1989-05-23T00:00:00,16.9,90.3,1989-05-23T00:00:00,17.0,90.25,12.3259,PASSED
1999298N12099,TC,1999-10-25T00:00:00,11.5,99.2,1999-10-25T00:00:00,11.5,99.25,5.4481,PASSED
1995323N05097,TC,1995-11-18T18:00:00,5.4,97.2,1995-11-18T18:00:00,5.5,97.25,12.4208,PASSED
1988327N06100,TC,1988-11-21T18:00:00,5.6,99.6,1988-11-21T18:00:00,5.5,99.5,15.6885,PASSED
2015301N11065,TC,2015-10-27T12:00:00,10.7,65.1,2015-10-27T12:00:00,10.75,65.0,12.2586,PASSED
2019296N15066,TC,2019-10-22T18:00:00,14.7,66.4,2019-10-22T18:00:00,14.75,66.5,12.1064,PASSED
2019116N02090,TC,2019-04-25T18:00:00,1.9,90.2,2019-04-25T18:00:00,2.0,90.25,12.4305,PASSED
2006114N08090,TC,2006-04-24T06:00:00,8.4,90.1,2006-04-24T06:00:00,8.5,90.0,15.6402,PASSED
2013281N12098,TC,2013-10-07T12:00:00,11.8,97.6,2013-10-07T12:00:00,11.75,97.5,12.2231,PASSED
1999135N12073,TC,1999-05-15T00:00:00,12.0,72.5,1999-05-15T00:00:00,12.0,72.5,0.0,PASSED
1990065S07083,TC,1990-03-05T18:00:00,-6.9,82.9,1990-03-05T18:00:00,-7.0,83.0,15.6677,PASSED
2000075S17119,TC,2000-03-14T18:00:00,-17.1,118.6,2000-03-14T18:00:00,-17.0,118.5,15.3837,PASSED
1993056S21051,TC,1993-02-24T12:00:00,-20.6,51.1,1993-02-24T12:00:00,-20.5,51.0,15.2332,PASSED
1999015S20036,TC,1999-01-14T12:00:00,-20.2,36.1,1999-01-14T12:00:00,-20.25,36.0,11.8227,PASSED
2022114S12100,TC,2022-04-23T18:00:00,-12.0,100.1,2022-04-23T18:00:00,-12.0,100.0,10.8765,PASSED
1991046S15122,TC,1991-02-15T06:00:00,-15.0,122.0,1991-02-15T06:00:00,-15.0,122.0,0.0,PASSED
2017060S09139,TC,2017-03-01T00:00:00,-9.0,138.5,2017-03-01T00:00:00,-9.0,138.5,0.0,PASSED
1989010S15063,TC,1989-01-10T06:00:00,-15.0,62.6,1989-01-10T06:00:00,-15.0,62.5,10.7406,PASSED
2001039S13117,TC,2001-02-07T18:00:00,-13.3,116.8,2001-02-07T18:00:00,-13.25,116.75,7.7583,PASSED
2020355S11065,TC,2020-12-20T06:00:00,-11.4,64.9,2020-12-20T06:00:00,-11.5,65.0,15.5697,PASSED
2008290S05071,TC,2008-10-15T18:00:00,-5.2,70.6,2008-10-15T18:00:00,-5.25,70.5,12.3907,PASSED
1992048S18067,TC,1992-02-16T12:00:00,-17.5,66.6,1992-02-16T12:00:00,-17.5,66.5,10.6049,PASSED
2002247S03067,TC,2002-09-04T06:00:00,-2.5,67.2,2002-09-04T06:00:00,-2.5,67.25,5.5545,PASSED
2022008S13148,TC,2022-01-08T00:00:00,-12.6,147.7,2022-01-08T00:00:00,-12.5,147.75,12.3731,PASSED
2017332S08098,TC,2017-11-27T12:00:00,-7.8,97.5,2017-11-27T12:00:00,-7.75,97.5,5.5598,PASSED
1994362S11054,TC,1994-12-27T18:00:00,-10.5,54.0,1994-12-27T18:00:00,-10.5,54.0,0.0,PASSED
1988138S07092,TC,1988-05-17T03:00:00,-6.8,91.6,1988-05-17T03:00:00,-6.75,91.5,12.3626,PASSED
1981069S12135,TC,1981-03-09T20:00:00,-11.6,135.1,1981-03-09T20:00:00,-11.5,135.0,15.567,PASSED
2008023S10050,TC,2008-01-22T18:00:00,-9.7,49.8,2008-01-22T18:00:00,-9.75,49.75,7.8064,PASSED
2007066S12066,TC,2007-03-07T00:00:00,-11.6,66.1,2007-03-07T00:00:00,-11.5,66.0,15.567,PASSED
2003098S23041,TC,2003-04-08T00:00:00,-23.4,40.7,2003-04-08T00:00:00,-23.5,40.75,12.2335,PASSED
2013041S10087,TC,2013-02-09T12:00:00,-9.6,87.0,2013-02-09T12:00:00,-9.5,87.0,11.1195,PASSED
2023013S08081,TC,2023-01-13T06:00:00,-8.2,81.0,2023-01-13T06:00:00,-8.25,81.0,5.5598,PASSED
2020053S12119,TC,2020-02-22T00:00:00,-12.0,119.0,2020-02-22T00:00:00,-12.0,119.0,0.0,PASSED
2025017S18122,TC,2025-01-17T00:00:00,-17.7,122.2,2025-01-17T00:00:00,-17.75,122.25,7.6783,PASSED
2020034S17129,TC,2020-02-03T00:00:00,-16.7,129.3,2020-02-03T00:00:00,-16.75,129.25,7.6982,PASSED
1993348S13120,TC,1993-12-14T06:00:00,-13.3,119.5,1993-12-14T06:00:00,-13.25,119.5,5.5598,PASSED
2002023S10089,TC,2002-01-22T12:00:00,-9.8,89.1,2002-01-22T12:00:00,-9.75,89.0,12.2878,PASSED
1996098S13085,TC,1996-04-06T12:00:00,-12.8,85.1,1996-04-06T12:00:00,-12.75,85.0,12.1864,PASSED
1984339S05102,TC,1984-12-03T18:00:00,-5.3,102.0,1984-12-03T18:00:00,-5.25,102.0,5.5598,PASSED
1995017S10078,TC,1995-01-16T18:00:00,-9.5,78.0,1995-01-16T18:00:00,-9.5,78.0,0.0,PASSED
2004025S16044,TC,2004-01-24T12:00:00,-15.8,44.2,2004-01-24T12:00:00,-15.75,44.25,7.716,PASSED
2013052S13126,TC,2013-02-21T06:00:00,-13.0,125.9,2013-02-21T06:00:00,-13.0,126.0,10.8345,PASSED
1988310S08100,TC,1988-11-05T06:00:00,-8.2,99.7,1988-11-05T06:00:00,-8.25,99.75,7.8223,PASSED
2006081S14129,TC,2006-03-22T00:00:00,-14.0,128.5,2006-03-22T00:00:00,-14.0,128.5,0.0,PASSED
2009342S09140,TC,2009-12-08T00:00:00,-8.9,139.5,2009-12-08T00:00:00,-9.0,139.5,11.1195,PASSED
2002063S11066,TC,2002-03-03T12:00:00,-10.5,65.8,2002-03-03T12:00:00,-10.5,65.75,5.4667,PASSED
2000060S17123,TC,2000-02-28T22:00:00,-17.3,123.0,2000-02-28T22:00:00,-17.25,123.0,5.5598,PASSED
2014007S11104,TC,2014-01-07T06:00:00,-11.0,103.6,2014-01-07T06:00:00,-11.0,103.5,10.9152,PASSED
2003062S10080,TC,2003-03-03T06:00:00,-10.4,80.4,2003-03-03T06:00:00,-10.5,80.5,15.5955,PASSED
2024313S06092,TC,2024-11-08T06:00:00,-6.4,92.2,2024-11-08T06:00:00,-6.5,92.25,12.4163,PASSED
2008062S10064,TC,2008-03-02T06:00:00,-10.0,64.4,2008-03-02T06:00:00,-10.0,64.5,10.9506,PASSED
1994064S13099,TC,1994-03-05T00:00:00,-12.8,98.6,1994-03-05T00:00:00,-12.75,98.5,12.1864,PASSED
2018025S09080,TC,2018-01-25T06:00:00,-9.4,80.3,2018-01-25T06:00:00,-9.5,80.25,12.3984,PASSED
1992096S08132,TC,1992-04-04T18:00:00,-8.3,131.6,1992-04-04T18:00:00,-8.25,131.5,12.3285,PASSED
2003088S07131,TC,2003-03-29T06:00:00,-7.0,130.6,2003-03-29T06:00:00,-7.0,130.5,11.0366,PASSED
2002033S13121,TC,2002-02-02T04:00:00,-13.1,120.8,2002-02-02T04:00:00,-13.0,120.75,12.3684,PASSED
2018073S09129,TC,2018-03-14T00:00:00,-9.0,129.0,2018-03-14T00:00:00,-9.0,129.0,0.0,PASSED
2025039S14125,TC,2025-02-08T00:00:00,-14.1,125.4,2025-02-08T00:00:00,-14.0,125.5,15.4919,PASSED
1992096S05101,TC,1992-04-05T06:00:00,-5.3,100.8,1992-04-05T06:00:00,-5.25,100.75,7.846,PASSED
1994197N14115,TC,1994-07-16T06:00:00,13.8,114.5,1994-07-16T06:00:00,13.75,114.5,5.5598,PASSED
2013158N13129,TC,2013-06-06T18:00:00,12.9,128.5,2013-06-06T18:00:00,13.0,128.5,11.1195,PASSED
2003196N11137,TC,2003-07-14T12:00:00,10.5,136.9,2003-07-14T12:00:00,10.5,137.0,10.9333,PASSED
1999204N17117,TC,1999-07-23T00:00:00,16.5,116.8,1999-07-23T00:00:00,16.5,116.75,5.3308,PASSED
2025191N19142,TC,2025-07-09T18:00:00,19.2,141.6,2025-07-09T18:00:00,19.25,141.5,11.8806,PASSED
1992279N08175,TC,1992-10-05T00:00:00,7.8,174.9,1992-10-05T00:00:00,7.75,175.0,12.3406,PASSED
2017209N19118,TC,2017-07-27T12:00:00,19.2,117.9,2017-07-27T12:00:00,19.25,118.0,11.8806,PASSED
2018251N20122,TC,2018-09-08T06:00:00,20.4,121.7,2018-09-08T06:00:00,20.5,121.75,12.2793,PASSED
2019236N08143,TC,2019-08-24T06:00:00,8.4,142.5,2019-08-24T06:00:00,8.5,142.5,11.1195,PASSED
2014160N21120,TC,2014-06-09T00:00:00,20.9,120.0,2014-06-09T00:00:00,21.0,120.0,11.1195,PASSED
2009213N16130,TC,2009-07-31T12:00:00,15.7,129.8,2009-07-31T12:00:00,15.75,129.75,7.7169,PASSED
2015274N17167,TC,2015-10-01T06:00:00,16.9,166.9,2015-10-01T06:00:00,17.0,167.0,15.3876,PASSED
2008226N22134,TC,2008-08-12T18:00:00,22.4,134.3,2008-08-12T18:00:00,22.5,134.25,12.2494,PASSED
1988356N05142,TC,1988-12-21T06:00:00,5.0,141.5,1988-12-21T06:00:00,5.0,141.5,0.0,PASSED
1990216N29125,TC,1990-08-04T00:00:00,28.6,125.4,1990-08-04T00:00:00,28.5,125.5,14.8002,PASSED
2014093N02148,TC,2014-04-02T18:00:00,1.8,148.4,2014-04-02T18:00:00,1.75,148.5,12.4272,PASSED
1989010N16212,TC,1989-01-09T12:00:00,15.9,211.7,1989-01-09T12:00:00,16.0,-148.25,12.3378,PASSED
2007306N18133,TC,2007-11-01T18:00:00,18.0,132.6,2007-11-01T18:00:00,18.0,132.5,10.5753,PASSED
2000184N13133,TC,2000-07-02T00:00:00,13.1,133.4,2000-07-02T00:00:00,13.0,133.5,15.5236,PASSED
2023239N18144,TC,2023-08-27T00:00:00,18.1,144.4,2023-08-27T00:00:00,18.0,144.5,15.3433,PASSED
2023207N09141,TC,2023-07-26T06:00:00,8.9,141.3,2023-07-26T06:00:00,9.0,141.25,12.4019,PASSED
1995287N08163,TC,1995-10-13T18:00:00,8.4,162.5,1995-10-13T18:00:00,8.5,162.5,11.1195,PASSED
1990171N11148,TC,1990-06-20T00:00:00,11.0,148.3,1990-06-20T00:00:00,11.0,148.25,5.4576,PASSED
2003290N15132,TC,2003-10-17T06:00:00,15.1,131.8,2003-10-17T06:00:00,15.0,131.75,12.3479,PASSED
2000299N08139,TC,2000-10-24T18:00:00,8.3,139.3,2000-10-24T18:00:00,8.25,139.25,7.8219,PASSED
1989221N10149,TC,1989-08-09T00:00:00,10.1,148.9,1989-08-09T00:00:00,10.0,149.0,15.6052,PASSED
1984290N06153,TC,1984-10-16T00:00:00,6.0,153.0,1984-10-16T00:00:00,6.0,153.0,0.0,PASSED
2017200N26162,TC,2017-07-19T06:00:00,26.1,162.1,2017-07-19T06:00:00,26.0,162.0,14.948,PASSED
1980208N23153,TC,1980-07-26T06:00:00,22.5,152.8,1980-07-26T06:00:00,22.5,152.75,5.1365,PASSED
1992212N05154,TC,1992-07-30T00:00:00,5.0,154.3,1992-07-30T00:00:00,5.0,154.25,5.5386,PASSED
1994222N11267,TC,1994-08-10T06:00:00,10.6,266.9,1994-08-10T06:00:00,10.5,-93.0,15.593,PASSED
1986112N02152,TC,1986-04-22T00:00:00,1.9,152.2,1986-04-22T00:00:00,2.0,152.25,12.4305,PASSED
1993263N11168,TC,1993-09-20T06:00:00,11.3,167.5,1993-09-20T06:00:00,11.25,167.5,5.5598,PASSED
2016256N12146,TC,2016-09-11T12:00:00,12.4,146.1,2016-09-11T12:00:00,12.5,146.0,15.5416,PASSED
2018294N08161,TC,2018-10-20T18:00:00,8.3,160.8,2018-10-20T18:00:00,8.25,160.75,7.8219,PASSED
2009270N10148,TC,2009-09-27T00:00:00,9.9,147.5,2009-09-27T00:00:00,10.0,147.5,11.1195,PASSED
1994224N20152,TC,1994-08-12T00:00:00,20.0,152.0,1994-08-12T00:00:00,20.0,152.0,0.0,PASSED
1987244N11177,TC,1987-09-01T06:00:00,11.0,177.0,1987-09-01T06:00:00,11.0,177.0,0.0,PASSED
2011233N12129,TC,2011-08-21T06:00:00,11.9,128.8,2011-08-21T06:00:00,12.0,128.75,12.3786,PASSED
2022239N22150,TC,2022-08-27T00:00:00,21.7,150.1,2022-08-27T00:00:00,21.75,150.0,11.7309,PASSED
2016355N07146,TC,2016-12-20T00:00:00,6.9,145.5,2016-12-20T00:00:00,7.0,145.5,11.1195,PASSED
2012263N15141,TC,2012-09-19T00:00:00,14.9,140.7,2012-09-19T00:00:00,15.0,140.75,12.349,PASSED
1985284N05159,TC,1985-10-11T00:00:00,5.1,159.4,1985-10-11T00:00:00,5.0,159.5,15.6949,PASSED
2023234N18128,TC,2023-08-22T00:00:00,18.2,128.0,2023-08-22T00:00:00,18.25,128.0,5.5598,PASSED
2025260N13138,TC,2025-09-16T18:00:00,13.2,137.7,2025-09-16T18:00:00,13.25,137.75,7.7591,PASSED
2013306N07162,TC,2013-11-02T06:00:00,6.6,161.6,2013-11-02T06:00:00,6.5,161.5,15.6741,PASSED
2021265N11150,TC,2021-09-22T06:00:00,10.8,150.0,2021-09-22T06:00:00,10.75,150.0,5.5598,PASSED
1986134N08149,TC,1986-05-14T00:00:00,8.3,148.6,1986-05-14T00:00:00,8.25,148.5,12.3285,PASSED
1980277N09157,TC,1980-10-02T12:00:00,9.4,156.5,1980-10-02T12:00:00,9.5,156.5,11.1195,PASSED
2022254N24143,TC,2022-09-11T06:00:00,23.7,142.7,2022-09-11T06:00:00,23.75,142.75,7.5378,PASSED
CTRL_001,Control,1992-02-22T18:00:00,5.9,88.5,1992-02-22T18:00:00,6.0,88.5,11.1195,PASSED
CTRL_002,Control,2009-04-28T06:00:00,2.1,52.7,2009-04-28T06:00:00,2.0,52.75,12.4304,PASSED
CTRL_003,Control,2021-04-23T06:00:00,9.1,80.0,2021-04-23T06:00:00,9.0,80.0,11.1195,PASSED
CTRL_004,Control,2003-04-17T12:00:00,6.2,71.7,2003-04-17T12:00:00,6.25,71.75,7.8395,PASSED
CTRL_005,Control,2023-05-16T12:00:00,13.0,64.9,2023-05-16T12:00:00,13.0,65.0,10.8345,PASSED
CTRL_006,Control,2013-05-23T18:00:00,13.5,81.9,2013-05-23T18:00:00,13.5,82.0,10.8123,PASSED
CTRL_007,Control,1996-05-29T12:00:00,11.0,87.3,1996-05-29T12:00:00,11.0,87.25,5.4576,PASSED
CTRL_008,Control,1996-05-17T18:00:00,11.5,83.5,1996-05-17T18:00:00,11.5,83.5,0.0,PASSED
CTRL_009,Control,2010-05-04T12:00:00,16.1,64.6,2010-05-04T12:00:00,16.0,64.5,15.4219,PASSED
CTRL_010,Control,2000-05-26T00:00:00,16.1,97.3,2000-05-26T00:00:00,16.0,97.25,12.3366,PASSED
CTRL_011,Control,2012-05-29T00:00:00,15.5,40.8,2012-05-29T00:00:00,15.5,40.75,5.3575,PASSED
CTRL_012,Control,1992-06-01T12:00:00,14.9,93.7,1992-06-01T12:00:00,15.0,93.75,12.349,PASSED
CTRL_013,Control,2018-06-14T12:00:00,17.5,42.1,2018-06-14T12:00:00,17.5,42.0,10.6049,PASSED
CTRL_014,Control,2021-06-01T18:00:00,21.8,66.4,2021-06-01T18:00:00,21.75,66.5,11.7277,PASSED
CTRL_015,Control,1983-07-19T12:00:00,18.8,88.8,1983-07-19T12:00:00,18.75,88.75,7.6564,PASSED
CTRL_016,Control,1987-07-27T00:00:00,19.2,63.9,1987-07-27T00:00:00,19.25,64.0,11.8806,PASSED
CTRL_017,Control,2012-07-17T12:00:00,15.1,40.7,2012-07-17T12:00:00,15.0,40.75,12.3479,PASSED
CTRL_018,Control,2021-08-25T18:00:00,23.4,66.3,2021-08-25T18:00:00,23.5,66.25,12.2335,PASSED
CTRL_019,Control,1984-08-29T18:00:00,24.4,59.2,1984-08-29T18:00:00,24.5,59.25,12.2172,PASSED
CTRL_020,Control,2001-08-24T12:00:00,23.8,60.8,2001-08-24T12:00:00,23.75,60.75,7.5364,PASSED
CTRL_021,Control,2016-08-28T18:00:00,22.7,66.4,2016-08-28T18:00:00,22.75,66.5,11.6663,PASSED
CTRL_022,Control,2012-09-22T06:00:00,16.0,68.0,2012-09-22T06:00:00,16.0,68.0,0.0,PASSED
CTRL_023,Control,2002-09-05T06:00:00,15.4,69.3,2002-09-05T06:00:00,15.5,69.25,12.3434,PASSED
CTRL_024,Control,2009-09-08T00:00:00,17.9,72.4,2009-09-08T00:00:00,18.0,72.5,15.3474,PASSED
CTRL_025,Control,1983-09-22T06:00:00,17.6,93.9,1983-09-22T06:00:00,17.5,94.0,15.3637,PASSED
CTRL_026,Control,1990-09-20T00:00:00,26.8,51.5,1990-09-20T00:00:00,26.75,51.5,5.5598,PASSED
CTRL_027,Control,2019-10-09T00:00:00,12.1,97.9,2019-10-09T00:00:00,12.0,98.0,15.5531,PASSED
CTRL_028,Control,2002-10-20T12:00:00,11.4,62.0,2002-10-20T12:00:00,11.5,62.0,11.1195,PASSED
CTRL_029,Control,2006-10-09T12:00:00,11.6,92.3,2006-10-09T12:00:00,11.5,92.25,12.382,PASSED
CTRL_030,Control,1995-10-26T00:00:00,10.0,85.2,1995-10-26T00:00:00,10.0,85.25,5.4753,PASSED
CTRL_031,Control,2018-10-21T12:00:00,13.7,62.1,2018-10-21T12:00:00,13.75,62.0,12.1488,PASSED
CTRL_032,Control,2015-10-22T18:00:00,13.4,88.6,2015-10-22T18:00:00,13.5,88.5,15.5112,PASSED
CTRL_033,Control,1982-10-26T06:00:00,15.1,66.3,1982-10-26T06:00:00,15.0,66.25,12.3479,PASSED
CTRL_034,Control,2002-10-10T12:00:00,16.1,82.7,2002-10-10T12:00:00,16.0,82.75,12.3366,PASSED
CTRL_035,Control,1999-10-20T00:00:00,19.2,63.5,1999-10-20T00:00:00,19.25,63.5,5.5598,PASSED
CTRL_036,Control,2009-10-31T18:00:00,15.2,95.2,2009-10-31T18:00:00,15.25,95.25,7.7259,PASSED
CTRL_037,Control,1990-10-22T06:00:00,5.1,53.1,1990-10-22T06:00:00,5.0,53.0,15.6949,PASSED
CTRL_038,Control,2001-11-20T12:00:00,12.2,64.8,2001-11-20T12:00:00,12.25,64.75,7.774,PASSED
CTRL_039,Control,2007-11-28T18:00:00,12.0,45.4,2007-11-28T18:00:00,12.0,45.5,10.8765,PASSED
CTRL_040,Control,1985-11-17T18:00:00,11.5,48.6,1985-11-17T18:00:00,11.5,48.5,10.8963,PASSED
CTRL_041,Control,2012-11-08T06:00:00,14.4,65.7,2012-11-08T06:00:00,14.5,65.75,12.3543,PASSED
CTRL_042,Control,2007-11-01T12:00:00,12.9,91.8,2007-11-01T12:00:00,13.0,91.75,12.3694,PASSED
CTRL_043,Control,2001-11-01T00:00:00,6.2,81.8,2001-11-01T00:00:00,6.25,81.75,7.8395,PASSED
CTRL_044,Control,1988-11-29T18:00:00,8.3,54.0,1988-11-29T18:00:00,8.25,54.0,5.5598,PASSED
CTRL_045,Control,1990-11-13T00:00:00,8.7,95.0,1990-11-13T00:00:00,8.75,95.0,5.5598,PASSED
CTRL_046,Control,1983-11-12T12:00:00,5.7,82.1,1983-11-12T12:00:00,5.75,82.0,12.3824,PASSED
CTRL_047,Control,2003-11-14T18:00:00,5.8,90.9,2003-11-14T18:00:00,5.75,91.0,12.3815,PASSED
CTRL_048,Control,1987-11-01T00:00:00,6.4,59.0,1987-11-01T00:00:00,6.5,59.0,11.1195,PASSED
CTRL_049,Control,2011-11-23T00:00:00,7.4,61.2,2011-11-23T00:00:00,7.5,61.25,12.4111,PASSED
CTRL_050,Control,1985-11-25T18:00:00,6.3,52.4,1985-11-25T18:00:00,6.25,52.5,12.3724,PASSED
CTRL_051,Control,1987-01-26T06:00:00,-7.4,90.6,1987-01-26T06:00:00,-7.5,90.5,15.6591,PASSED
CTRL_052,Control,2023-01-19T12:00:00,-7.1,101.5,2023-01-19T12:00:00,-7.0,101.5,11.1195,PASSED
CTRL_053,Control,2015-01-07T00:00:00,-5.7,81.5,2015-01-07T00:00:00,-5.75,81.5,5.5598,PASSED
CTRL_054,Control,2020-01-15T18:00:00,-7.2,74.0,2020-01-15T18:00:00,-7.25,74.0,5.5598,PASSED
CTRL_055,Control,2011-01-04T00:00:00,-6.1,114.3,2011-01-04T00:00:00,-6.0,114.25,12.4182,PASSED
CTRL_056,Control,2002-01-09T18:00:00,-13.9,97.4,2002-01-09T18:00:00,-14.0,97.5,15.4952,PASSED
CTRL_057,Control,2017-01-02T18:00:00,-13.4,41.4,2017-01-02T18:00:00,-13.5,41.5,15.5112,PASSED
CTRL_058,Control,2014-01-10T18:00:00,-11.3,64.3,2014-01-10T18:00:00,-11.25,64.25,7.7872,PASSED
CTRL_059,Control,2000-01-13T00:00:00,-15.1,102.3,2000-01-13T00:00:00,-15.0,102.25,12.3479,PASSED
CTRL_060,Control,2024-01-09T12:00:00,-19.9,112.3,2024-01-09T12:00:00,-20.0,112.25,12.2864,PASSED
CTRL_061,Control,1990-01-28T12:00:00,-23.4,103.1,1990-01-28T12:00:00,-23.5,103.0,15.0899,PASSED
CTRL_062,Control,1987-02-08T18:00:00,-6.2,39.1,1987-02-08T18:00:00,-6.25,39.0,12.3734,PASSED
CTRL_063,Control,2013-02-15T00:00:00,-14.2,69.6,2013-02-15T00:00:00,-14.25,69.5,12.128,PASSED
CTRL_064,Control,2001-02-12T12:00:00,-13.2,69.0,2001-02-12T12:00:00,-13.25,69.0,5.5598,PASSED
CTRL_065,Control,2005-02-09T00:00:00,-10.7,43.2,2005-02-09T00:00:00,-10.75,43.25,7.7943,PASSED
CTRL_066,Control,2017-02-17T12:00:00,-12.1,77.7,2017-02-17T12:00:00,-12.0,77.75,12.3777,PASSED
CTRL_067,Control,2017-02-17T00:00:00,-13.1,118.3,2017-02-17T00:00:00,-13.0,118.25,12.3684,PASSED
CTRL_068,Control,2010-02-22T00:00:00,-15.0,101.5,2010-02-22T00:00:00,-15.0,101.5,0.0,PASSED
CTRL_069,Control,1994-02-28T00:00:00,-15.6,67.8,1994-02-28T00:00:00,-15.5,67.75,12.3423,PASSED
CTRL_070,Control,1986-02-20T18:00:00,-16.7,90.2,1986-02-20T18:00:00,-16.75,90.25,7.6982,PASSED
CTRL_071,Control,2013-02-02T18:00:00,-15.5,100.0,2013-02-02T18:00:00,-15.5,100.0,0.0,PASSED
CTRL_072,Control,2006-02-15T12:00:00,-24.6,104.7,2006-02-15T12:00:00,-24.5,104.75,12.2155,PASSED
CTRL_073,Control,1997-03-25T00:00:00,-9.3,53.7,1997-03-25T00:00:00,-9.25,53.75,7.8115,PASSED
CTRL_074,Control,1983-03-29T06:00:00,-5.9,46.7,1983-03-29T06:00:00,-6.0,46.75,12.4186,PASSED
CTRL_075,Control,1997-03-09T18:00:00,-6.7,88.4,1997-03-09T18:00:00,-6.75,88.5,12.3636,PASSED
CTRL_076,Control,2021-03-17T12:00:00,-6.2,60.4,2021-03-17T12:00:00,-6.25,60.5,12.3734,PASSED
CTRL_077,Control,1982-03-28T06:00:00,-6.6,51.6,1982-03-28T06:00:00,-6.5,51.5,15.6741,PASSED
CTRL_078,Control,2021-03-07T12:00:00,-13.4,108.8,2021-03-07T12:00:00,-13.5,108.75,12.3645,PASSED
CTRL_079,Control,2010-03-15T00:00:00,-11.3,105.3,2010-03-15T00:00:00,-11.25,105.25,7.7872,PASSED
CTRL_080,Control,2019-03-02T18:00:00,-12.2,59.5,2019-03-02T18:00:00,-12.25,59.5,5.5598,PASSED
CTRL_081,Control,1995-03-14T12:00:00,-13.9,100.9,1995-03-14T12:00:00,-14.0,101.0,15.4952,PASSED
CTRL_082,Control,1991-03-11T18:00:00,-10.8,101.3,1991-03-11T18:00:00,-10.75,101.25,7.7937,PASSED
CTRL_083,Control,1999-03-13T00:00:00,-13.1,41.6,1999-03-13T00:00:00,-13.0,41.5,15.5236,PASSED
CTRL_084,Control,1991-03-01T06:00:00,-16.2,66.9,1991-03-01T06:00:00,-16.25,67.0,12.0375,PASSED
CTRL_085,Control,2016-04-24T00:00:00,-7.5,65.8,2016-04-24T00:00:00,-7.5,65.75,5.5122,PASSED
CTRL_086,Control,2002-04-15T00:00:00,-8.7,84.3,2002-04-15T00:00:00,-8.75,84.25,7.8173,PASSED
CTRL_087,Control,2012-04-05T18:00:00,-11.8,62.7,2012-04-05T18:00:00,-11.75,62.75,7.7804,PASSED
CTRL_088,Control,2008-04-10T00:00:00,-14.1,66.7,2008-04-10T00:00:00,-14.0,66.75,12.3585,PASSED
CTRL_089,Control,2025-04-21T12:00:00,-20.6,80.6,2025-04-21T12:00:00,-20.5,80.5,15.2332,PASSED
CTRL_090,Control,2002-05-26T06:00:00,-6.0,79.3,2002-05-26T06:00:00,-6.0,79.25,5.5293,PASSED
CTRL_091,Control,1996-09-16T12:00:00,-3.4,53.2,1996-09-16T12:00:00,-3.5,53.25,12.4275,PASSED
CTRL_092,Control,2017-10-22T12:00:00,-8.0,118.7,2017-10-22T12:00:00,-8.0,118.75,5.5056,PASSED
CTRL_093,Control,1984-11-01T18:00:00,-7.8,54.4,1984-11-01T18:00:00,-7.75,54.5,12.3406,PASSED
CTRL_094,Control,2025-11-02T00:00:00,-8.0,49.8,2025-11-02T00:00:00,-8.0,49.75,5.5056,PASSED
CTRL_095,Control,2012-11-27T00:00:00,-6.0,105.5,2012-11-27T00:00:00,-6.0,105.5,0.0,PASSED
CTRL_096,Control,2004-12-15T06:00:00,-5.3,67.8,2004-12-15T06:00:00,-5.25,67.75,7.846,PASSED
CTRL_097,Control,2015-12-28T12:00:00,-8.8,102.3,2015-12-28T12:00:00,-8.75,102.25,7.8168,PASSED
CTRL_098,Control,2023-12-06T12:00:00,-10.1,106.6,2023-12-06T12:00:00,-10.0,106.5,15.6052,PASSED
CTRL_099,Control,1996-12-24T12:00:00,-13.4,75.5,1996-12-24T12:00:00,-13.5,75.5,11.1195,PASSED
CTRL_100,Control,2015-12-21T18:00:00,-11.6,66.8,2015-12-21T18:00:00,-11.5,66.75,12.382,PASSED
CTRL_101,Control,1995-01-07T12:00:00,17.5,141.4,1995-01-07T12:00:00,17.5,141.5,10.6049,PASSED
CTRL_102,Control,1992-04-14T12:00:00,3.8,158.2,1992-04-14T12:00:00,3.75,158.25,7.8542,PASSED
CTRL_103,Control,1983-04-12T00:00:00,4.4,118.8,1983-04-12T00:00:00,4.5,118.75,12.4245,PASSED
CTRL_104,Control,1991-05-28T18:00:00,6.1,146.3,1991-05-28T18:00:00,6.0,146.25,12.4182,PASSED
CTRL_105,Control,2008-06-06T00:00:00,10.2,100.1,2008-06-06T00:00:00,10.25,100.0,12.2743,PASSED
CTRL_106,Control,2009-06-15T00:00:00,10.3,176.9,2009-06-15T00:00:00,10.25,177.0,12.2727,PASSED
CTRL_107,Control,1988-06-26T18:00:00,21.7,140.7,1988-06-26T18:00:00,21.75,140.75,7.5886,PASSED
CTRL_108,Control,1993-07-31T18:00:00,13.4,116.2,1993-07-31T18:00:00,13.5,116.25,12.3645,PASSED
CTRL_109,Control,1998-07-22T18:00:00,13.5,126.1,1998-07-22T18:00:00,13.5,126.0,10.8123,PASSED
CTRL_110,Control,2004-07-14T00:00:00,14.2,158.2,2004-07-14T00:00:00,14.25,158.25,7.7431,PASSED
CTRL_111,Control,2012-07-22T06:00:00,15.0,177.6,2012-07-22T06:00:00,15.0,177.5,10.7406,PASSED
CTRL_112,Control,1981-07-04T00:00:00,18.4,153.5,1981-07-04T00:00:00,18.5,153.5,11.1195,PASSED
CTRL_113,Control,2000-07-31T00:00:00,16.3,113.5,2000-07-31T00:00:00,16.25,113.5,5.5598,PASSED
CTRL_114,Control,2007-07-21T12:00:00,18.9,115.8,2007-07-21T12:00:00,19.0,115.75,12.3002,PASSED
CTRL_115,Control,1982-07-21T12:00:00,23.7,165.5,1982-07-21T12:00:00,23.75,165.5,5.5598,PASSED
CTRL_116,Control,1980-07-18T18:00:00,26.8,178.1,1980-07-18T18:00:00,26.75,178.0,11.3781,PASSED
CTRL_117,Control,2011-07-12T12:00:00,6.3,117.9,2011-07-12T12:00:00,6.25,118.0,12.3724,PASSED
CTRL_118,Control,2010-07-02T00:00:00,9.5,141.6,2010-07-02T00:00:00,9.5,141.5,10.967,PASSED
CTRL_119,Control,1985-08-10T06:00:00,12.6,166.2,1985-08-10T06:00:00,12.5,166.25,12.3731,PASSED
CTRL_120,Control,2003-08-04T00:00:00,10.3,116.0,2003-08-04T00:00:00,10.25,116.0,5.5598,PASSED
CTRL_121,Control,1980-08-22T12:00:00,13.6,155.9,1980-08-22T12:00:00,13.5,156.0,15.5081,PASSED
CTRL_122,Control,2017-08-25T12:00:00,18.9,163.2,2017-08-25T12:00:00,19.0,163.25,12.3002,PASSED
CTRL_123,Control,2019-08-01T00:00:00,17.1,173.0,2019-08-01T00:00:00,17.0,173.0,11.1195,PASSED
CTRL_124,Control,2013-08-28T06:00:00,23.3,146.6,2013-08-28T06:00:00,23.25,146.5,11.6296,PASSED
CTRL_125,Control,2014-08-26T12:00:00,22.9,135.6,2014-08-26T12:00:00,23.0,135.5,15.1158,PASSED
CTRL_126,Control,1984-08-21T06:00:00,22.3,170.5,1984-08-21T06:00:00,22.25,170.5,5.5598,PASSED
CTRL_127,Control,1997-08-10T06:00:00,27.5,168.4,1997-08-10T06:00:00,27.5,168.5,9.8631,PASSED
CTRL_128,Control,2011-08-25T06:00:00,5.9,144.3,2011-08-25T06:00:00,6.0,144.25,12.4186,PASSED
CTRL_129,Control,2007-09-11T00:00:00,11.4,102.6,2007-09-11T00:00:00,11.5,102.5,15.5697,PASSED
CTRL_130,Control,1990-09-25T00:00:00,14.1,163.5,1990-09-25T00:00:00,14.0,163.5,11.1195,PASSED
CTRL_131,Control,1987-09-19T18:00:00,12.7,175.6,1987-09-19T18:00:00,12.75,175.5,12.1883,PASSED
CTRL_132,Control,2022-09-23T18:00:00,14.4,167.5,2022-09-23T18:00:00,14.5,167.5,11.1195,PASSED
CTRL_133,Control,1998-09-07T06:00:00,11.3,171.5,1998-09-07T06:00:00,11.25,171.5,5.5598,PASSED
CTRL_134,Control,1999-09-25T00:00:00,11.8,102.5,1999-09-25T00:00:00,11.75,102.5,5.5598,PASSED
CTRL_135,Control,2017-09-25T00:00:00,24.9,153.9,2017-09-25T00:00:00,25.0,154.0,15.0095,PASSED
CTRL_136,Control,2011-09-17T18:00:00,21.7,174.4,2011-09-17T18:00:00,21.75,174.5,11.7309,PASSED
CTRL_137,Control,2016-09-19T18:00:00,6.2,105.5,2016-09-19T18:00:00,6.25,105.5,5.5598,PASSED
CTRL_138,Control,1994-10-02T06:00:00,15.1,109.6,1994-10-02T06:00:00,15.0,109.5,15.458,PASSED
CTRL_139,Control,1996-10-28T12:00:00,17.3,160.4,1996-10-28T12:00:00,17.25,160.5,11.9854,PASSED
CTRL_140,Control,2008-10-27T12:00:00,5.6,128.0,2008-10-27T12:00:00,5.5,128.0,11.1195,PASSED
CTRL_141,Control,2018-10-08T12:00:00,6.4,165.8,2018-10-08T12:00:00,6.5,165.75,12.4163,PASSED
CTRL_142,Control,2008-10-21T18:00:00,7.9,108.5,2008-10-21T18:00:00,8.0,108.5,11.1195,PASSED
CTRL_143,Control,2003-10-21T18:00:00,7.0,142.5,2003-10-21T18:00:00,7.0,142.5,0.0,PASSED
CTRL_144,Control,2000-10-31T00:00:00,6.0,115.9,2000-10-31T00:00:00,6.0,116.0,11.0586,PASSED
CTRL_145,Control,2015-10-25T06:00:00,5.4,111.5,2015-10-25T06:00:00,5.5,111.5,11.1195,PASSED
CTRL_146,Control,1998-10-24T06:00:00,8.0,158.6,1998-10-24T06:00:00,8.0,158.5,11.0113,PASSED
CTRL_147,Control,2011-11-15T00:00:00,15.5,140.1,2011-11-15T00:00:00,15.5,140.0,10.7151,PASSED
CTRL_148,Control,1981-11-20T00:00:00,7.7,172.4,1981-11-20T00:00:00,7.75,172.5,12.3418,PASSED
CTRL_149,Control,1988-12-21T12:00:00,6.7,159.7,1988-12-21T12:00:00,6.75,159.75,7.8357,PASSED
CTRL_150,Control,2014-12-19T12:00:00,7.2,151.7,2014-12-19T12:00:00,7.25,151.75,7.8315,PASSED
