case_id,case_type,case_timestamp,C_phi,shell_grid_count,QC_Status
1987303N06088,TC,1987-10-30T00:00:00,0.6515092806222473,91,PASSED
2011033N06083,TC,2011-02-02T09:00:00,0.7083088570855615,92,PASSED
2023317N10094,TC,2023-11-13T06:00:00,0.6370131441974753,86,PASSED
2022224N22067,TC,2022-08-11T18:00:00,0.6653760417857887,93,PASSED
2001163N20087,TC,2001-06-12T03:00:00,0.6192286004380748,92,PASSED
2006241N20088,TC,2006-08-29T03:00:00,0.8081807304187834,92,PASSED
2022324N10086,TC,2022-11-20T00:00:00,0.6891007152315041,92,PASSED
1989203N18086,TC,1989-07-22T03:00:00,0.8208925417675562,92,PASSED
1985213N20088,TC,1985-08-01T03:00:00,0.79439883956678,92,PASSED
1982168N23090,TC,1982-06-17T03:00:00,0.7770565527994213,92,PASSED
2006271N18089,TC,2006-09-28T00:00:00,0.5471546173853405,92,PASSED
2017199N19086,TC,2017-07-18T00:00:00,0.9137394152188546,92,PASSED
2022254N20085,TC,2022-09-11T00:00:00,0.7801541573829952,93,PASSED
2011290N15090,TC,2011-10-17T00:00:00,0.7906466083873733,91,PASSED
1996275N15082,TC,1996-10-01T03:00:00,0.9353578723065439,92,PASSED
2022140N16097,TC,2022-05-20T03:00:00,0.5284084340297723,93,PASSED
2018263N17089,TC,2018-09-19T15:00:00,0.7309579217596703,93,PASSED
1983252N25083,TC,1983-09-09T00:00:00,0.6849517396317903,94,PASSED
2014141N16091,TC,2014-05-21T03:00:00,0.4997002513916302,92,PASSED
2024295N15092,TC,2024-10-21T06:00:00,0.89220308880223,91,PASSED
2023212N19090,TC,2023-07-30T12:00:00,0.5644206361882687,92,PASSED
1985279N20072,TC,1985-10-06T03:00:00,0.9018121460324834,92,PASSED
2015216N23081,TC,2015-08-04T03:00:00,0.7737038117706958,93,PASSED
2023293N12089,TC,2023-10-20T06:00:00,0.7257049632505969,86,PASSED
2018136N11054,TC,2018-05-15T18:00:00,0.6990725822643183,91,PASSED
1982150N13087,TC,1982-05-30T02:00:00,0.6171786263811317,89,PASSED
2018314N12093,TC,2018-11-10T03:00:00,0.6172862983143942,91,PASSED
2020327N08086,TC,2020-11-22T06:00:00,0.8305168085460792,88,PASSED
1982309N12066,TC,1982-11-04T12:00:00,0.7408070319594742,92,PASSED
1998152N11075,TC,1998-06-01T06:00:00,0.608641786792641,89,PASSED
1998320N10102,TC,1998-11-16T00:00:00,0.698580274944447,89,PASSED
2019264N19071,TC,2019-09-20T18:00:00,0.9552529910605091,94,PASSED
2015309N14067,TC,2015-11-04T12:00:00,0.8240226237486231,93,PASSED
2023292N11063,TC,2023-10-19T06:00:00,0.7947488062412196,90,PASSED
1993331N07108,TC,1993-11-27T00:00:00,0.5526295837161066,87,PASSED
1994317N07070,TC,1994-11-13T00:00:00,0.6646633883684234,92,PASSED
2010151N14065,TC,2010-05-30T12:00:00,0.8913202870921434,88,PASSED
2013324N07103,TC,2013-11-19T18:00:00,0.6027758408246244,91,PASSED
1983309N10091,TC,1983-11-05T06:00:00,0.6305149511111681,89,PASSED
1994117N07096,TC,1994-04-26T18:00:00,0.6528933331548353,88,PASSED
1989143N17090,TC,1989-05-23T00:00:00,0.6896399847510425,90,PASSED
1999298N12099,TC,1999-10-25T00:00:00,0.673206772736636,89,PASSED
1995323N05097,TC,1995-11-18T18:00:00,0.7167698356998619,87,PASSED
1988327N06100,TC,1988-11-21T18:00:00,0.5913826030203017,85,PASSED
2015301N11065,TC,2015-10-27T12:00:00,0.8612434182773602,90,PASSED
2019296N15066,TC,2019-10-22T18:00:00,0.7827854678766095,91,PASSED
2019116N02090,TC,2019-04-25T18:00:00,0.7905614853618971,86,PASSED
2006114N08090,TC,2006-04-24T06:00:00,0.6443974453230835,86,PASSED
2013281N12098,TC,2013-10-07T12:00:00,0.6354095465218468,90,PASSED
1999135N12073,TC,1999-05-15T00:00:00,0.5881758114098209,92,PASSED
1990065S07083,TC,1990-03-05T18:00:00,0.5864840484678377,86,PASSED
2000075S17119,TC,2000-03-14T18:00:00,0.6665767954347519,89,PASSED
1993056S21051,TC,1993-02-24T12:00:00,0.5941234430658189,91,PASSED
1999015S20036,TC,1999-01-14T12:00:00,0.6504696270975934,98,PASSED
2022114S12100,TC,2022-04-23T18:00:00,0.6871961184015213,91,PASSED
1991046S15122,TC,1991-02-15T06:00:00,0.8473736698953964,92,PASSED
2017060S09139,TC,2017-03-01T00:00:00,0.7683175888859395,92,PASSED
1989010S15063,TC,1989-01-10T06:00:00,0.6138607291653483,93,PASSED
2001039S13117,TC,2001-02-07T18:00:00,0.7066494457659336,92,PASSED
2020355S11065,TC,2020-12-20T06:00:00,0.7783085407188436,86,PASSED
2008290S05071,TC,2008-10-15T18:00:00,0.9240973442562008,88,PASSED
1992048S18067,TC,1992-02-16T12:00:00,0.6720982508733567,94,PASSED
2002247S03067,TC,2002-09-04T06:00:00,0.6533981275707645,89,PASSED
2022008S13148,TC,2022-01-08T00:00:00,0.8522791656161618,89,PASSED
2017332S08098,TC,2017-11-27T12:00:00,0.8698188105241491,89,PASSED
1994362S11054,TC,1994-12-27T18:00:00,0.6080195983561526,92,PASSED
1988138S07092,TC,1988-05-17T03:00:00,0.6493389493102298,88,PASSED
1981069S12135,TC,1981-03-09T20:00:00,0.8455445852160415,86,PASSED
2008023S10050,TC,2008-01-22T18:00:00,0.8313249795787293,91,PASSED
2007066S12066,TC,2007-03-07T00:00:00,0.607872609230781,86,PASSED
2003098S23041,TC,2003-04-08T00:00:00,0.7082976611543651,94,PASSED
2013041S10087,TC,2013-02-09T12:00:00,0.941548480427398,88,PASSED
2023013S08081,TC,2023-01-13T06:00:00,0.889393200775604,89,PASSED
2020053S12119,TC,2020-02-22T00:00:00,0.6352964307690089,92,PASSED
2025017S18122,TC,2025-01-17T00:00:00,0.8121610393213079,93,PASSED
2020034S17129,TC,2020-02-03T00:00:00,0.8080995701683419,93,PASSED
1993348S13120,TC,1993-12-14T06:00:00,0.6780492744762002,91,PASSED
2002023S10089,TC,2002-01-22T12:00:00,0.617105905500675,90,PASSED
1996098S13085,TC,1996-04-06T12:00:00,0.6557238239398204,90,PASSED
1984339S05102,TC,1984-12-03T18:00:00,0.6344647190167898,89,PASSED
1995017S10078,TC,1995-01-16T18:00:00,0.7350143765922408,92,PASSED
2004025S16044,TC,2004-01-24T12:00:00,0.9042576520117597,93,PASSED
2013052S13126,TC,2013-02-21T06:00:00,0.6119292550169917,92,PASSED
1988310S08100,TC,1988-11-05T06:00:00,0.9110687068159782,91,PASSED
2006081S14129,TC,2006-03-22T00:00:00,0.7742137320697546,92,PASSED
2009342S09140,TC,2009-12-08T00:00:00,0.7093723226210028,88,PASSED
2002063S11066,TC,2002-03-03T12:00:00,0.7290640993856224,89,PASSED
2000060S17123,TC,2000-02-28T22:00:00,0.6155313482943457,93,PASSED
2014007S11104,TC,2014-01-07T06:00:00,0.5678325124615002,90,PASSED
2003062S10080,TC,2003-03-03T06:00:00,0.6398538016809778,86,PASSED
2024313S06092,TC,2024-11-08T06:00:00,0.7664357095750219,87,PASSED
2008062S10064,TC,2008-03-02T06:00:00,0.6732146736475069,89,PASSED
1994064S13099,TC,1994-03-05T00:00:00,0.6948331171660094,90,PASSED
2018025S09080,TC,2018-01-25T06:00:00,0.9020364735752807,88,PASSED
1992096S08132,TC,1992-04-04T18:00:00,0.6106113083282037,88,PASSED
2003088S07131,TC,2003-03-29T06:00:00,0.6431936859788617,89,PASSED
2002033S13121,TC,2002-02-02T04:00:00,0.7584137495161736,89,PASSED
2018073S09129,TC,2018-03-14T00:00:00,0.7532401520637315,92,PASSED
2025039S14125,TC,2025-02-08T00:00:00,0.6525349842289674,86,PASSED
1992096S05101,TC,1992-04-05T06:00:00,0.5854357536353365,91,PASSED
1994197N14115,TC,1994-07-16T06:00:00,0.6207267143791633,91,PASSED
2013158N13129,TC,2013-06-06T18:00:00,0.740822801376802,88,PASSED
2003196N11137,TC,2003-07-14T12:00:00,0.5898997855073338,89,PASSED
1999204N17117,TC,1999-07-23T00:00:00,0.5470969149559362,91,PASSED
2025191N19142,TC,2025-07-09T18:00:00,0.6396841983427444,95,PASSED
1992279N08175,TC,1992-10-05T00:00:00,0.6543907544532263,88,PASSED
2017209N19118,TC,2017-07-27T12:00:00,0.8061895694249449,95,PASSED
2018251N20122,TC,2018-09-08T06:00:00,0.8069020772102058,91,PASSED
2019236N08143,TC,2019-08-24T06:00:00,0.785834034654619,88,PASSED
2014160N21120,TC,2014-06-09T00:00:00,0.5793567502823582,94,PASSED
2009213N16130,TC,2009-07-31T12:00:00,0.8133121989775506,92,PASSED
2015274N17167,TC,2015-10-01T06:00:00,0.8227178467423795,89,PASSED
2008226N22134,TC,2008-08-12T18:00:00,0.7615416258300802,93,PASSED
1988356N05142,TC,1988-12-21T06:00:00,0.6361072183662718,92,PASSED
1990216N29125,TC,1990-08-04T00:00:00,0.6493643001135462,98,PASSED
2014093N02148,TC,2014-04-02T18:00:00,0.7273708328526736,86,PASSED
1989010N16212,TC,1989-01-09T12:00:00,0.6247726794036119,90,PASSED
2007306N18133,TC,2007-11-01T18:00:00,0.6539820308625237,94,PASSED
2000184N13133,TC,2000-07-02T00:00:00,0.6536990990906147,86,PASSED
2023239N18144,TC,2023-08-27T00:00:00,0.6167671994006824,90,PASSED
2023207N09141,TC,2023-07-26T06:00:00,0.8979982364650332,88,PASSED
1995287N08163,TC,1995-10-13T18:00:00,0.743970308829494,88,PASSED
1990171N11148,TC,1990-06-20T00:00:00,0.7276336142553187,89,PASSED
2003290N15132,TC,2003-10-17T06:00:00,0.7148660633226493,90,PASSED
2000299N08139,TC,2000-10-24T18:00:00,0.761819053745563,91,PASSED
1989221N10149,TC,1989-08-09T00:00:00,0.6137507044772835,86,PASSED
1984290N06153,TC,1984-10-16T00:00:00,0.5874454764419971,92,PASSED
2017200N26162,TC,2017-07-19T06:00:00,0.5907866344744976,96,PASSED
1980208N23153,TC,1980-07-26T06:00:00,0.7069770390708614,97,PASSED
1992212N05154,TC,1992-07-30T00:00:00,0.5968728906180087,89,PASSED
1994222N11267,TC,1994-08-10T06:00:00,0.6129048276165997,86,PASSED
1986112N02152,TC,1986-04-22T00:00:00,0.5749909352666042,86,PASSED
1993263N11168,TC,1993-09-20T06:00:00,0.6564093197105473,91,PASSED
2016256N12146,TC,2016-09-11T12:00:00,0.7196181503280936,86,PASSED
2018294N08161,TC,2018-10-20T18:00:00,0.7593044981050966,91,PASSED
2009270N10148,TC,2009-09-27T00:00:00,0.8138370128345532,88,PASSED
1994224N20152,TC,1994-08-12T00:00:00,0.5911324735660458,92,PASSED
1987244N11177,TC,1987-09-01T06:00:00,0.6421618258147211,92,PASSED
2011233N12129,TC,2011-08-21T06:00:00,0.6380440643723196,89,PASSED
2022239N22150,TC,2022-08-27T00:00:00,0.6323361834819903,98,PASSED
2016355N07146,TC,2016-12-20T00:00:00,0.6342834747691533,88,PASSED
2012263N15141,TC,2012-09-19T00:00:00,0.6182245728582317,90,PASSED
1985284N05159,TC,1985-10-11T00:00:00,0.6352667896969075,85,PASSED
2023234N18128,TC,2023-08-22T00:00:00,0.7501349047902359,93,PASSED
2025260N13138,TC,2025-09-16T18:00:00,0.7310959820523979,92,PASSED
2013306N07162,TC,2013-11-02T06:00:00,0.6040122864308742,85,PASSED
2021265N11150,TC,2021-09-22T06:00:00,0.5145199101881974,91,PASSED
1986134N08149,TC,1986-05-14T00:00:00,0.5941885659593189,88,PASSED
1980277N09157,TC,1980-10-02T12:00:00,0.6357682504890789,88,PASSED
2022254N24143,TC,2022-09-11T06:00:00,0.815410047698951,96,PASSED
CTRL_001,Control,1992-02-22T18:00:00,0.6493721255319564,88,PASSED
CTRL_002,Control,2009-04-28T06:00:00,0.6686946490812012,86,PASSED
CTRL_003,Control,2021-04-23T06:00:00,0.5705768750956101,88,PASSED
CTRL_004,Control,2003-04-17T12:00:00,0.6639644542754932,91,PASSED
CTRL_005,Control,2023-05-16T12:00:00,0.6815113894545508,92,PASSED
CTRL_006,Control,2013-05-23T18:00:00,0.6341176909814787,93,PASSED
CTRL_007,Control,1996-05-29T12:00:00,0.6436508108198857,89,PASSED
CTRL_008,Control,1996-05-17T18:00:00,0.6414799487730104,92,PASSED
CTRL_009,Control,2010-05-04T12:00:00,0.6595421130222413,87,PASSED
CTRL_010,Control,2000-05-26T00:00:00,0.6258650048346799,90,PASSED
CTRL_011,Control,2012-05-29T00:00:00,0.6492773207422158,90,PASSED
CTRL_012,Control,1992-06-01T12:00:00,0.6415165284557549,90,PASSED
CTRL_013,Control,2018-06-14T12:00:00,0.5300056884280716,94,PASSED
CTRL_014,Control,2021-06-01T18:00:00,0.6402615093746189,98,PASSED
CTRL_015,Control,1983-07-19T12:00:00,0.627455632597369,93,PASSED
CTRL_016,Control,1987-07-27T00:00:00,0.6285480507948248,95,PASSED
CTRL_017,Control,2012-07-17T12:00:00,0.7047489421421407,90,PASSED
CTRL_018,Control,2021-08-25T18:00:00,0.6358088781977937,94,PASSED
CTRL_019,Control,1984-08-29T18:00:00,0.66056223154285,94,PASSED
CTRL_020,Control,2001-08-24T12:00:00,0.6056780554927614,97,PASSED
CTRL_021,Control,2016-08-28T18:00:00,0.6895559638836521,98,PASSED
CTRL_022,Control,2012-09-22T06:00:00,0.6138967089873144,92,PASSED
CTRL_023,Control,2002-09-05T06:00:00,0.6488919614668587,90,PASSED
CTRL_024,Control,2009-09-08T00:00:00,0.6707824078032938,91,PASSED
CTRL_025,Control,1983-09-22T06:00:00,0.5786261919627814,90,PASSED
CTRL_026,Control,1990-09-20T00:00:00,0.6014743712531511,97,PASSED
CTRL_027,Control,2019-10-09T00:00:00,0.6305715876629125,86,PASSED
CTRL_028,Control,2002-10-20T12:00:00,0.5999978895585452,88,PASSED
CTRL_029,Control,2006-10-09T12:00:00,0.6059078581520234,89,PASSED
CTRL_030,Control,1995-10-26T00:00:00,0.6527659806773578,89,PASSED
CTRL_031,Control,2018-10-21T12:00:00,0.6541366822767436,91,PASSED
CTRL_032,Control,2015-10-22T18:00:00,0.6498024306508521,86,PASSED
CTRL_033,Control,1982-10-26T06:00:00,0.6829133922520321,90,PASSED
CTRL_034,Control,2002-10-10T12:00:00,0.558834197141704,90,PASSED
CTRL_035,Control,1999-10-20T00:00:00,0.6782061785709306,93,PASSED
CTRL_036,Control,2009-10-31T18:00:00,0.7962522543141993,92,PASSED
CTRL_037,Control,1990-10-22T06:00:00,0.6618145652810553,85,PASSED
CTRL_038,Control,2001-11-20T12:00:00,0.6395014597860234,92,PASSED
CTRL_039,Control,2007-11-28T18:00:00,0.648180696227819,91,PASSED
CTRL_040,Control,1985-11-17T18:00:00,0.5284970238968962,91,PASSED
CTRL_041,Control,2012-11-08T06:00:00,0.6499685757772904,90,PASSED
CTRL_042,Control,2007-11-01T12:00:00,0.6605258313324258,90,PASSED
CTRL_043,Control,2001-11-01T00:00:00,0.7082021763995636,91,PASSED
CTRL_044,Control,1988-11-29T18:00:00,0.6222423358373114,89,PASSED
CTRL_045,Control,1990-11-13T00:00:00,0.5783925188540935,89,PASSED
CTRL_046,Control,1983-11-12T12:00:00,0.6166647074249696,88,PASSED
CTRL_047,Control,2003-11-14T18:00:00,0.7897747684964936,88,PASSED
CTRL_048,Control,1987-11-01T00:00:00,0.6494500297207634,88,PASSED
CTRL_049,Control,2011-11-23T00:00:00,0.6102297235273664,87,PASSED
CTRL_050,Control,1985-11-25T18:00:00,0.6439929323552438,88,PASSED
CTRL_051,Control,1987-01-26T06:00:00,0.6686062257091465,86,PASSED
CTRL_052,Control,2023-01-19T12:00:00,0.5668442940915998,88,PASSED
CTRL_053,Control,2015-01-07T00:00:00,0.6512723753391476,89,PASSED
CTRL_054,Control,2020-01-15T18:00:00,0.5766533515490336,89,PASSED
CTRL_055,Control,2011-01-04T00:00:00,0.6029961553712833,87,PASSED
CTRL_056,Control,2002-01-09T18:00:00,0.6571730549157252,86,PASSED
CTRL_057,Control,2017-01-02T18:00:00,0.6335828161363188,86,PASSED
CTRL_058,Control,2014-01-10T18:00:00,0.6053270966643891,91,PASSED
CTRL_059,Control,2000-01-13T00:00:00,0.5957825338530017,90,PASSED
CTRL_060,Control,2024-01-09T12:00:00,0.6359924463925904,91,PASSED
CTRL_061,Control,1990-01-28T12:00:00,0.6460904682506828,94,PASSED
CTRL_062,Control,1987-02-08T18:00:00,0.5755275890506422,88,PASSED
CTRL_063,Control,2013-02-15T00:00:00,0.6809605447090487,91,PASSED
CTRL_064,Control,2001-02-12T12:00:00,0.6231303771065374,91,PASSED
CTRL_065,Control,2005-02-09T00:00:00,0.6954356992023728,91,PASSED
CTRL_066,Control,2017-02-17T12:00:00,0.6126284334767358,89,PASSED
CTRL_067,Control,2017-02-17T00:00:00,0.6294077340780838,89,PASSED
CTRL_068,Control,2010-02-22T00:00:00,0.625240095028783,92,PASSED
CTRL_069,Control,1994-02-28T00:00:00,0.6027956268527919,90,PASSED
CTRL_070,Control,1986-02-20T18:00:00,0.6556729268336374,93,PASSED
CTRL_071,Control,2013-02-02T18:00:00,0.6530424108682745,92,PASSED
CTRL_072,Control,2006-02-15T12:00:00,0.6322086363816575,95,PASSED
CTRL_073,Control,1997-03-25T00:00:00,0.6525752077098448,91,PASSED
CTRL_074,Control,1983-03-29T06:00:00,0.6349803166874497,87,PASSED
CTRL_075,Control,1997-03-09T18:00:00,0.6444365428905585,88,PASSED
CTRL_076,Control,2021-03-17T12:00:00,0.7554165597830775,88,PASSED
CTRL_077,Control,1982-03-28T06:00:00,0.6436024493163288,85,PASSED
CTRL_078,Control,2021-03-07T12:00:00,0.6398153560857949,90,PASSED
CTRL_079,Control,2010-03-15T00:00:00,0.639085661190261,91,PASSED
CTRL_080,Control,2019-03-02T18:00:00,0.6355937957488338,91,PASSED
CTRL_081,Control,1995-03-14T12:00:00,0.591016951955049,86,PASSED
CTRL_082,Control,1991-03-11T18:00:00,0.6383709402450775,91,PASSED
CTRL_083,Control,1999-03-13T00:00:00,0.5684038348235849,86,PASSED
CTRL_084,Control,1991-03-01T06:00:00,0.6284871829230334,92,PASSED
CTRL_085,Control,2016-04-24T00:00:00,0.5945477818511122,89,PASSED
CTRL_086,Control,2002-04-15T00:00:00,0.6394994408898023,91,PASSED
CTRL_087,Control,2012-04-05T18:00:00,0.6325013991545695,92,PASSED
CTRL_088,Control,2008-04-10T00:00:00,0.6281409039550703,90,PASSED
CTRL_089,Control,2025-04-21T12:00:00,0.6508959737988907,91,PASSED
CTRL_090,Control,2002-05-26T06:00:00,0.6351360183952899,89,PASSED
CTRL_091,Control,1996-09-16T12:00:00,0.6417985891251645,86,PASSED
CTRL_092,Control,2017-10-22T12:00:00,0.730431012235311,89,PASSED
CTRL_093,Control,1984-11-01T18:00:00,0.6541858144782612,88,PASSED
CTRL_094,Control,2025-11-02T00:00:00,0.669363847186646,89,PASSED
CTRL_095,Control,2012-11-27T00:00:00,0.631038650423834,92,PASSED
CTRL_096,Control,2004-12-15T06:00:00,0.6577658044644292,91,PASSED
CTRL_097,Control,2015-12-28T12:00:00,0.5703418291969854,91,PASSED
CTRL_098,Control,2023-12-06T12:00:00,0.6526943258915076,86,PASSED
CTRL_099,Control,1996-12-24T12:00:00,0.6338349316827242,88,PASSED
CTRL_100,Control,2015-12-21T18:00:00,0.6355673510848437,89,PASSED
CTRL_101,Control,1995-01-07T12:00:00,0.6409608634350208,94,PASSED
CTRL_102,Control,1992-04-14T12:00:00,0.5345953156077629,91,PASSED
CTRL_103,Control,1983-04-12T00:00:00,0.5855634371337037,87,PASSED
CTRL_104,Control,1991-05-28T18:00:00,0.6875708689147901,87,PASSED
CTRL_105,Control,2008-06-06T00:00:00,0.6040144261486892,90,PASSED
CTRL_106,Control,2009-06-15T00:00:00,0.6366263547240096,90,PASSED
CTRL_107,Control,1988-06-26T18:00:00,0.7528399667822723,95,PASSED
CTRL_108,Control,1993-07-31T18:00:00,0.6311892683252265,90,PASSED
CTRL_109,Control,1998-07-22T18:00:00,0.6657553976580882,93,PASSED
CTRL_110,Control,2004-07-14T00:00:00,0.6386365724293293,92,PASSED
CTRL_111,Control,2012-07-22T06:00:00,0.6132124323110377,93,PASSED
CTRL_112,Control,1981-07-04T00:00:00,0.6322527434619546,90,PASSED
CTRL_113,Control,2000-07-31T00:00:00,0.628510306893821,93,PASSED
CTRL_114,Control,2007-07-21T12:00:00,0.5988176858069698,91,PASSED
CTRL_115,Control,1982-07-21T12:00:00,0.6294881913537871,95,PASSED
CTRL_116,Control,1980-07-18T18:00:00,0.6268817302763716,101,PASSED
CTRL_117,Control,2011-07-12T12:00:00,0.61956884244433,88,PASSED
CTRL_118,Control,2010-07-02T00:00:00,0.6489792397004702,89,PASSED
CTRL_119,Control,1985-08-10T06:00:00,0.6354212829158021,89,PASSED
CTRL_120,Control,2003-08-04T00:00:00,0.6364598949894378,91,PASSED
CTRL_121,Control,1980-08-22T12:00:00,0.6492396652873561,86,PASSED
CTRL_122,Control,2017-08-25T12:00:00,0.6338872786682168,91,PASSED
CTRL_123,Control,2019-08-01T00:00:00,0.6346563999583453,90,PASSED
CTRL_124,Control,2013-08-28T06:00:00,0.6334463015817733,98,PASSED
CTRL_125,Control,2014-08-26T12:00:00,0.6409884911695581,93,PASSED
CTRL_126,Control,1984-08-21T06:00:00,0.6426841282136705,93,PASSED
CTRL_127,Control,1997-08-10T06:00:00,0.7023641007600564,100,PASSED
CTRL_128,Control,2011-08-25T06:00:00,0.6365653432658789,87,PASSED
CTRL_129,Control,2007-09-11T00:00:00,0.5203822390166077,86,PASSED
CTRL_130,Control,1990-09-25T00:00:00,0.6233170075687983,88,PASSED
CTRL_131,Control,1987-09-19T18:00:00,0.6518141300919609,90,PASSED
CTRL_132,Control,2022-09-23T18:00:00,0.6278986533010286,88,PASSED
CTRL_133,Control,1998-09-07T06:00:00,0.6455205260046742,91,PASSED
CTRL_134,Control,1999-09-25T00:00:00,0.6078086829393925,91,PASSED
CTRL_135,Control,2017-09-25T00:00:00,0.7318805357854097,96,PASSED
CTRL_136,Control,2011-09-17T18:00:00,0.6174432051696733,98,PASSED
CTRL_137,Control,2016-09-19T18:00:00,0.5806997162101947,89,PASSED
CTRL_138,Control,1994-10-02T06:00:00,0.5997132223274113,86,PASSED
CTRL_139,Control,1996-10-28T12:00:00,0.6434084271969623,92,PASSED
CTRL_140,Control,2008-10-27T12:00:00,0.6102771021252612,88,PASSED
CTRL_141,Control,2018-10-08T12:00:00,0.7175772096097696,87,PASSED
CTRL_142,Control,2008-10-21T18:00:00,0.629766688386028,88,PASSED
CTRL_143,Control,2003-10-21T18:00:00,0.6390612464160909,92,PASSED
CTRL_144,Control,2000-10-31T00:00:00,0.5862774138761873,89,PASSED
CTRL_145,Control,2015-10-25T06:00:00,0.5826687608257091,88,PASSED
CTRL_146,Control,1998-10-24T06:00:00,0.6408367112061776,89,PASSED
CTRL_147,Control,2011-11-15T00:00:00,0.6419817888811327,93,PASSED
CTRL_148,Control,1981-11-20T00:00:00,0.6303347468784924,88,PASSED
CTRL_149,Control,1988-12-21T12:00:00,0.6186173099880542,91,PASSED
CTRL_150,Control,2014-12-19T12:00:00,0.6247166461526372,91,PASSED
