query,neighbor,distance,rank
c2_uuid_49511e7b.nc,c2_uuid_aa20f8c4.nc,0.9354530564851932,1
c2_uuid_49511e7b.nc,c2_uuid_aebda966.nc,0.9705553492685771,2
c2_uuid_49511e7b.nc,c2_uuid_eb59c68d.nc,2.140037673054303,3
c2_uuid_49511e7b.nc,c2_uuid_fa40c633.nc,2.2314505485854257,4
c2_uuid_49511e7b.nc,c2_uuid_fca79975.nc,2.3069168261450628,5
c2_uuid_49511e7b.nc,c2_uuid_495c8cf2.nc,2.3699006441144452,6
c2_uuid_49511e7b.nc,c2_uuid_4b4eea26.nc,2.3786202206838847,7
c2_uuid_49511e7b.nc,c2_uuid_80ab3494.nc,2.6004907332068736,8
c2_uuid_49511e7b.nc,c2_uuid_735327ae.nc,2.707401896483899,9
c2_uuid_49511e7b.nc,c2_uuid_c6fae318.nc,2.7281557269038044,10
c2_uuid_49511e7b.nc,c2_uuid_d60e0f4a.nc,3.3262083091333734,11
c2_uuid_49511e7b.nc,c2_uuid_ff53a69a.nc,3.384029135306403,12
c2_uuid_49511e7b.nc,c2_uuid_a8aaadc4.nc,3.501724405828807,13
c2_uuid_49511e7b.nc,c2_uuid_dc364aad.nc,3.608635439775448,14
c2_uuid_49511e7b.nc,c2_uuid_4df18da4.nc,4.30380952887369,15
c2_uuid_49511e7b.nc,c2_uuid_fbf4a196.nc,4.479182175428724,16
c2_uuid_49511e7b.nc,c2_uuid_4c0d80da.nc,5.2849361553453695,17
c2_uuid_49511e7b.nc,c2_uuid_f544906f.nc,5.884273722183094,18
c2_uuid_49511e7b.nc,c2_uuid_ec81d97e.nc,9.150110477648434,19
c2_uuid_495c8cf2.nc,c2_uuid_80ab3494.nc,0.6587181150047245,1
c2_uuid_495c8cf2.nc,c2_uuid_4b4eea26.nc,0.7185559479418179,2
c2_uuid_495c8cf2.nc,c2_uuid_fa40c633.nc,1.156277276246799,3
c2_uuid_495c8cf2.nc,c2_uuid_eb59c68d.nc,1.3208579793879194,4
c2_uuid_495c8cf2.nc,c2_uuid_49511e7b.nc,2.3699006441144452,5
c2_uuid_495c8cf2.nc,c2_uuid_aebda966.nc,2.7762813582667225,6
c2_uuid_495c8cf2.nc,c2_uuid_aa20f8c4.nc,2.947780548865936,7
c2_uuid_495c8cf2.nc,c2_uuid_d60e0f4a.nc,3.3572207674382906,8
c2_uuid_495c8cf2.nc,c2_uuid_c6fae318.nc,3.6768015895089814,9
c2_uuid_495c8cf2.nc,c2_uuid_735327ae.nc,3.9642921959236896,10
c2_uuid_495c8cf2.nc,c2_uuid_ff53a69a.nc,3.991568623912393,11
c2_uuid_495c8cf2.nc,c2_uuid_fca79975.nc,4.053422296682796,12
c2_uuid_495c8cf2.nc,c2_uuid_a8aaadc4.nc,4.392528307103939,13
c2_uuid_495c8cf2.nc,c2_uuid_dc364aad.nc,4.716068448114348,14
c2_uuid_495c8cf2.nc,c2_uuid_4df18da4.nc,5.43665085984883,15
c2_uuid_495c8cf2.nc,c2_uuid_fbf4a196.nc,5.489920121423256,16
c2_uuid_495c8cf2.nc,c2_uuid_4c0d80da.nc,5.58788494186423,17
c2_uuid_495c8cf2.nc,c2_uuid_f544906f.nc,7.406309301411355,18
c2_uuid_495c8cf2.nc,c2_uuid_ec81d97e.nc,9.479722168823475,19
c2_uuid_4b4eea26.nc,c2_uuid_80ab3494.nc,0.6535465697280802,1
c2_uuid_4b4eea26.nc,c2_uuid_495c8cf2.nc,0.7185559479418179,2
c2_uuid_4b4eea26.nc,c2_uuid_fa40c633.nc,1.0715244756555462,3
c2_uuid_4b4eea26.nc,c2_uuid_eb59c68d.nc,1.8143322769196846,4
c2_uuid_4b4eea26.nc,c2_uuid_49511e7b.nc,2.3786202206838847,5
c2_uuid_4b4eea26.nc,c2_uuid_aebda966.nc,2.6136730883472294,6
c2_uuid_4b4eea26.nc,c2_uuid_aa20f8c4.nc,2.9897110628450863,7
c2_uuid_4b4eea26.nc,c2_uuid_d60e0f4a.nc,3.268028515005903,8
c2_uuid_4b4eea26.nc,c2_uuid_ff53a69a.nc,3.498430226670067,9
c2_uuid_4b4eea26.nc,c2_uuid_735327ae.nc,3.8249090964156816,10
c2_uuid_4b4eea26.nc,c2_uuid_fca79975.nc,3.876752994315317,11
c2_uuid_4b4eea26.nc,c2_uuid_c6fae318.nc,3.9337600596239692,12
c2_uuid_4b4eea26.nc,c2_uuid_a8aaadc4.nc,3.9529952893852363,13
c2_uuid_4b4eea26.nc,c2_uuid_dc364aad.nc,4.872050160632299,14
c2_uuid_4b4eea26.nc,c2_uuid_fbf4a196.nc,5.097082423076945,15
c2_uuid_4b4eea26.nc,c2_uuid_4df18da4.nc,5.270735325898403,16
c2_uuid_4b4eea26.nc,c2_uuid_4c0d80da.nc,5.682692207653922,17
c2_uuid_4b4eea26.nc,c2_uuid_f544906f.nc,7.206561699172658,18
c2_uuid_4b4eea26.nc,c2_uuid_ec81d97e.nc,9.362558853011693,19
c2_uuid_4c0d80da.nc,c2_uuid_4df18da4.nc,4.366383919616744,1
c2_uuid_4c0d80da.nc,c2_uuid_a8aaadc4.nc,4.497990321702367,2
c2_uuid_4c0d80da.nc,c2_uuid_f544906f.nc,4.548513016514187,3
c2_uuid_4c0d80da.nc,c2_uuid_735327ae.nc,4.5636966237219285,4
c2_uuid_4c0d80da.nc,c2_uuid_c6fae318.nc,4.79040901964261,5
c2_uuid_4c0d80da.nc,c2_uuid_dc364aad.nc,4.846549422147054,6
c2_uuid_4c0d80da.nc,c2_uuid_d60e0f4a.nc,4.9550441665604446,7
c2_uuid_4c0d80da.nc,c2_uuid_fca79975.nc,5.03805239284776,8
c2_uuid_4c0d80da.nc,c2_uuid_fa40c633.nc,5.140948280009718,9
c2_uuid_4c0d80da.nc,c2_uuid_aa20f8c4.nc,5.246329371320853,10
c2_uuid_4c0d80da.nc,c2_uuid_49511e7b.nc,5.2849361553453695,11
c2_uuid_4c0d80da.nc,c2_uuid_aebda966.nc,5.390573756395561,12
c2_uuid_4c0d80da.nc,c2_uuid_eb59c68d.nc,5.52685391260748,13
c2_uuid_4c0d80da.nc,c2_uuid_495c8cf2.nc,5.58788494186423,14
c2_uuid_4c0d80da.nc,c2_uuid_4b4eea26.nc,5.682692207653922,15
c2_uuid_4c0d80da.nc,c2_uuid_fbf4a196.nc,5.768723827168478,16
c2_uuid_4c0d80da.nc,c2_uuid_ff53a69a.nc,5.802494431367943,17
c2_uuid_4c0d80da.nc,c2_uuid_80ab3494.nc,6.135429864940729,18
c2_uuid_4c0d80da.nc,c2_uuid_ec81d97e.nc,8.590424039169783,19
c2_uuid_4df18da4.nc,c2_uuid_735327ae.nc,1.9229342943246979,1
c2_uuid_4df18da4.nc,c2_uuid_f544906f.nc,2.973630704798816,2
c2_uuid_4df18da4.nc,c2_uuid_dc364aad.nc,3.087792088488761,3
c2_uuid_4df18da4.nc,c2_uuid_a8aaadc4.nc,3.137574120057331,4
c2_uuid_4df18da4.nc,c2_uuid_fca79975.nc,3.568503235655473,5
c2_uuid_4df18da4.nc,c2_uuid_aa20f8c4.nc,3.7127510725055926,6
c2_uuid_4df18da4.nc,c2_uuid_c6fae318.nc,3.772617802577233,7
c2_uuid_4df18da4.nc,c2_uuid_d60e0f4a.nc,4.259904902791793,8
c2_uuid_4df18da4.nc,c2_uuid_aebda966.nc,4.288196633357429,9
c2_uuid_4df18da4.nc,c2_uuid_49511e7b.nc,4.30380952887369,10
c2_uuid_4df18da4.nc,c2_uuid_4c0d80da.nc,4.366383919616744,11
c2_uuid_4df18da4.nc,c2_uuid_ff53a69a.nc,4.46829113041522,12
c2_uuid_4df18da4.nc,c2_uuid_fbf4a196.nc,4.539449869496039,13
c2_uuid_4df18da4.nc,c2_uuid_fa40c633.nc,5.0267135501965585,14
c2_uuid_4df18da4.nc,c2_uuid_4b4eea26.nc,5.270735325898403,15
c2_uuid_4df18da4.nc,c2_uuid_495c8cf2.nc,5.43665085984883,16
c2_uuid_4df18da4.nc,c2_uuid_eb59c68d.nc,5.750046155158554,17
c2_uuid_4df18da4.nc,c2_uuid_80ab3494.nc,5.795758816530868,18
c2_uuid_4df18da4.nc,c2_uuid_ec81d97e.nc,11.035581025132705,19
c2_uuid_735327ae.nc,c2_uuid_4df18da4.nc,1.9229342943246979,1
c2_uuid_735327ae.nc,c2_uuid_dc364aad.nc,2.106766856341906,2
c2_uuid_735327ae.nc,c2_uuid_aa20f8c4.nc,2.111170265706565,3
c2_uuid_735327ae.nc,c2_uuid_c6fae318.nc,2.308037857915499,4
c2_uuid_735327ae.nc,c2_uuid_49511e7b.nc,2.707401896483899,5
c2_uuid_735327ae.nc,c2_uuid_a8aaadc4.nc,2.940634758605828,6
c2_uuid_735327ae.nc,c2_uuid_aebda966.nc,2.967221432570376,7
c2_uuid_735327ae.nc,c2_uuid_fca79975.nc,2.968859847297281,8
c2_uuid_735327ae.nc,c2_uuid_fa40c633.nc,3.809521071047533,9
c2_uuid_735327ae.nc,c2_uuid_4b4eea26.nc,3.8249090964156816,10
c2_uuid_735327ae.nc,c2_uuid_d60e0f4a.nc,3.9319211069223807,11
c2_uuid_735327ae.nc,c2_uuid_495c8cf2.nc,3.9642921959236896,12
c2_uuid_735327ae.nc,c2_uuid_ff53a69a.nc,3.9788400813226055,13
c2_uuid_735327ae.nc,c2_uuid_eb59c68d.nc,4.117752098371457,14
c2_uuid_735327ae.nc,c2_uuid_f544906f.nc,4.209275209175329,15
c2_uuid_735327ae.nc,c2_uuid_80ab3494.nc,4.317110408567192,16
c2_uuid_735327ae.nc,c2_uuid_4c0d80da.nc,4.5636966237219285,17
c2_uuid_735327ae.nc,c2_uuid_fbf4a196.nc,4.661578249307841,18
c2_uuid_735327ae.nc,c2_uuid_ec81d97e.nc,10.332189286175545,19
c2_uuid_80ab3494.nc,c2_uuid_4b4eea26.nc,0.6535465697280796,1
c2_uuid_80ab3494.nc,c2_uuid_495c8cf2.nc,0.6587181150047252,2
c2_uuid_80ab3494.nc,c2_uuid_fa40c633.nc,1.3111242387109725,3
c2_uuid_80ab3494.nc,c2_uuid_eb59c68d.nc,1.7057447670780224,4
c2_uuid_80ab3494.nc,c2_uuid_49511e7b.nc,2.6004907332068736,5
c2_uuid_80ab3494.nc,c2_uuid_aebda966.nc,2.8752770002197443,6
c2_uuid_80ab3494.nc,c2_uuid_aa20f8c4.nc,3.241489687347627,7
c2_uuid_80ab3494.nc,c2_uuid_d60e0f4a.nc,3.5101966920923457,8
c2_uuid_80ab3494.nc,c2_uuid_ff53a69a.nc,3.894087295832791,9
c2_uuid_80ab3494.nc,c2_uuid_c6fae318.nc,4.189630734548566,10
c2_uuid_80ab3494.nc,c2_uuid_fca79975.nc,4.215137605125611,11
c2_uuid_80ab3494.nc,c2_uuid_735327ae.nc,4.317110408567192,12
c2_uuid_80ab3494.nc,c2_uuid_a8aaadc4.nc,4.53238356240323,13
c2_uuid_80ab3494.nc,c2_uuid_dc364aad.nc,5.207075863942325,14
c2_uuid_80ab3494.nc,c2_uuid_fbf4a196.nc,5.498218875496449,15
c2_uuid_80ab3494.nc,c2_uuid_4df18da4.nc,5.795758816530868,16
c2_uuid_80ab3494.nc,c2_uuid_4c0d80da.nc,6.135429864940729,17
c2_uuid_80ab3494.nc,c2_uuid_f544906f.nc,7.7529718521948485,18
c2_uuid_80ab3494.nc,c2_uuid_ec81d97e.nc,9.566892676244084,19
c2_uuid_a8aaadc4.nc,c2_uuid_ff53a69a.nc,1.9886035913941902,1
c2_uuid_a8aaadc4.nc,c2_uuid_fbf4a196.nc,2.342101038712276,2
c2_uuid_a8aaadc4.nc,c2_uuid_fca79975.nc,2.473130963282175,3
c2_uuid_a8aaadc4.nc,c2_uuid_735327ae.nc,2.940634758605828,4
c2_uuid_a8aaadc4.nc,c2_uuid_aebda966.nc,2.9722564302326933,5
c2_uuid_a8aaadc4.nc,c2_uuid_4df18da4.nc,3.137574120057331,6
c2_uuid_a8aaadc4.nc,c2_uuid_d60e0f4a.nc,3.311609957529211,7
c2_uuid_a8aaadc4.nc,c2_uuid_49511e7b.nc,3.501724405828807,8
c2_uuid_a8aaadc4.nc,c2_uuid_fa40c633.nc,3.604361148154798,9
c2_uuid_a8aaadc4.nc,c2_uuid_aa20f8c4.nc,3.614573627090906,10
c2_uuid_a8aaadc4.nc,c2_uuid_f544906f.nc,3.8604585561052454,11
c2_uuid_a8aaadc4.nc,c2_uuid_4b4eea26.nc,3.9529952893852363,12
c2_uuid_a8aaadc4.nc,c2_uuid_495c8cf2.nc,4.392528307103939,13
c2_uuid_a8aaadc4.nc,c2_uuid_4c0d80da.nc,4.497990321702367,14
c2_uuid_a8aaadc4.nc,c2_uuid_80ab3494.nc,4.53238356240323,15
c2_uuid_a8aaadc4.nc,c2_uuid_c6fae318.nc,4.791040087206426,16
c2_uuid_a8aaadc4.nc,c2_uuid_eb59c68d.nc,4.847259444766297,17
c2_uuid_a8aaadc4.nc,c2_uuid_dc364aad.nc,4.907020908279343,18
c2_uuid_a8aaadc4.nc,c2_uuid_ec81d97e.nc,8.711980552469107,19
c2_uuid_aa20f8c4.nc,c2_uuid_49511e7b.nc,0.9354530564851932,1
c2_uuid_aa20f8c4.nc,c2_uuid_aebda966.nc,1.540442110382943,2
c2_uuid_aa20f8c4.nc,c2_uuid_735327ae.nc,2.111170265706565,3
c2_uuid_aa20f8c4.nc,c2_uuid_c6fae318.nc,2.144584493150271,4
c2_uuid_aa20f8c4.nc,c2_uuid_fca79975.nc,2.315640234602046,5
c2_uuid_aa20f8c4.nc,c2_uuid_eb59c68d.nc,2.7603916691841457,6
c2_uuid_aa20f8c4.nc,c2_uuid_dc364aad.nc,2.846175511620577,7
c2_uuid_aa20f8c4.nc,c2_uuid_fa40c633.nc,2.87171453990974,8
c2_uuid_aa20f8c4.nc,c2_uuid_495c8cf2.nc,2.947780548865936,9
c2_uuid_aa20f8c4.nc,c2_uuid_4b4eea26.nc,2.9897110628450863,10
c2_uuid_aa20f8c4.nc,c2_uuid_80ab3494.nc,3.241489687347627,11
c2_uuid_aa20f8c4.nc,c2_uuid_d60e0f4a.nc,3.501257308979049,12
c2_uuid_aa20f8c4.nc,c2_uuid_a8aaadc4.nc,3.614573627090906,13
c2_uuid_aa20f8c4.nc,c2_uuid_4df18da4.nc,3.7127510725055926,14
c2_uuid_aa20f8c4.nc,c2_uuid_ff53a69a.nc,3.7478332806308905,15
c2_uuid_aa20f8c4.nc,c2_uuid_fbf4a196.nc,4.671045454578746,16
c2_uuid_aa20f8c4.nc,c2_uuid_4c0d80da.nc,5.246329371320853,17
c2_uuid_aa20f8c4.nc,c2_uuid_f544906f.nc,5.485336797883874,18
c2_uuid_aa20f8c4.nc,c2_uuid_ec81d97e.nc,9.811948611393701,19
c2_uuid_aebda966.nc,c2_uuid_49511e7b.nc,0.9705553492685771,1
c2_uuid_aebda966.nc,c2_uuid_aa20f8c4.nc,1.540442110382943,2
c2_uuid_aebda966.nc,c2_uuid_fca79975.nc,1.6020278753217738,3
c2_uuid_aebda966.nc,c2_uuid_fa40c633.nc,2.2469091898879556,4
c2_uuid_aebda966.nc,c2_uuid_ff53a69a.nc,2.561433653168955,5
c2_uuid_aebda966.nc,c2_uuid_4b4eea26.nc,2.6136730883472294,6
c2_uuid_aebda966.nc,c2_uuid_495c8cf2.nc,2.7762813582667225,7
c2_uuid_aebda966.nc,c2_uuid_eb59c68d.nc,2.799049257192243,8
c2_uuid_aebda966.nc,c2_uuid_80ab3494.nc,2.8752770002197443,9
c2_uuid_aebda966.nc,c2_uuid_d60e0f4a.nc,2.921025850277712,10
c2_uuid_aebda966.nc,c2_uuid_735327ae.nc,2.967221432570376,11
c2_uuid_aebda966.nc,c2_uuid_a8aaadc4.nc,2.9722564302326933,12
c2_uuid_aebda966.nc,c2_uuid_c6fae318.nc,3.536765592369106,13
c2_uuid_aebda966.nc,c2_uuid_fbf4a196.nc,3.6028174685017955,14
c2_uuid_aebda966.nc,c2_uuid_dc364aad.nc,4.2466982811774345,15
c2_uuid_aebda966.nc,c2_uuid_4df18da4.nc,4.288196633357429,16
c2_uuid_aebda966.nc,c2_uuid_4c0d80da.nc,5.390573756395561,17
c2_uuid_aebda966.nc,c2_uuid_f544906f.nc,5.60323132943226,18
c2_uuid_aebda966.nc,c2_uuid_ec81d97e.nc,8.890394924288715,19
c2_uuid_c6fae318.nc,c2_uuid_dc364aad.nc,1.2818987709587035,1
c2_uuid_c6fae318.nc,c2_uuid_aa20f8c4.nc,2.144584493150271,2
c2_uuid_c6fae318.nc,c2_uuid_735327ae.nc,2.308037857915499,3
c2_uuid_c6fae318.nc,c2_uuid_49511e7b.nc,2.7281557269038044,4
c2_uuid_c6fae318.nc,c2_uuid_eb59c68d.nc,3.274255668014154,5
c2_uuid_c6fae318.nc,c2_uuid_aebda966.nc,3.536765592369106,6
c2_uuid_c6fae318.nc,c2_uuid_495c8cf2.nc,3.6768015895089814,7
c2_uuid_c6fae318.nc,c2_uuid_4df18da4.nc,3.772617802577233,8
c2_uuid_c6fae318.nc,c2_uuid_4b4eea26.nc,3.9337600596239692,9
c2_uuid_c6fae318.nc,c2_uuid_fa40c633.nc,4.001102277790153,10
c2_uuid_c6fae318.nc,c2_uuid_fca79975.nc,4.08594901625135,11
c2_uuid_c6fae318.nc,c2_uuid_80ab3494.nc,4.189630734548566,12
c2_uuid_c6fae318.nc,c2_uuid_d60e0f4a.nc,4.733489316622838,13
c2_uuid_c6fae318.nc,c2_uuid_4c0d80da.nc,4.79040901964261,14
c2_uuid_c6fae318.nc,c2_uuid_a8aaadc4.nc,4.791040087206426,15
c2_uuid_c6fae318.nc,c2_uuid_ff53a69a.nc,5.484518381440996,16
c2_uuid_c6fae318.nc,c2_uuid_f544906f.nc,5.798979607727258,17
c2_uuid_c6fae318.nc,c2_uuid_fbf4a196.nc,6.315989879567607,18
c2_uuid_c6fae318.nc,c2_uuid_ec81d97e.nc,10.539171261156927,19
c2_uuid_d60e0f4a.nc,c2_uuid_fa40c633.nc,2.397051453909085,1
c2_uuid_d60e0f4a.nc,c2_uuid_ff53a69a.nc,2.581340538614279,2
c2_uuid_d60e0f4a.nc,c2_uuid_fca79975.nc,2.6814633136383557,3
c2_uuid_d60e0f4a.nc,c2_uuid_aebda966.nc,2.921025850277712,4
c2_uuid_d60e0f4a.nc,c2_uuid_4b4eea26.nc,3.268028515005903,5
c2_uuid_d60e0f4a.nc,c2_uuid_fbf4a196.nc,3.269964759414155,6
c2_uuid_d60e0f4a.nc,c2_uuid_a8aaadc4.nc,3.311609957529211,7
c2_uuid_d60e0f4a.nc,c2_uuid_49511e7b.nc,3.3262083091333734,8
c2_uuid_d60e0f4a.nc,c2_uuid_495c8cf2.nc,3.3572207674382906,9
c2_uuid_d60e0f4a.nc,c2_uuid_aa20f8c4.nc,3.501257308979049,10
c2_uuid_d60e0f4a.nc,c2_uuid_80ab3494.nc,3.5101966920923457,11
c2_uuid_d60e0f4a.nc,c2_uuid_735327ae.nc,3.931921106922381,12
c2_uuid_d60e0f4a.nc,c2_uuid_eb59c68d.nc,4.106498956211134,13
c2_uuid_d60e0f4a.nc,c2_uuid_4df18da4.nc,4.259904902791793,14
c2_uuid_d60e0f4a.nc,c2_uuid_c6fae318.nc,4.733489316622838,15
c2_uuid_d60e0f4a.nc,c2_uuid_4c0d80da.nc,4.9550441665604446,16
c2_uuid_d60e0f4a.nc,c2_uuid_dc364aad.nc,5.1916456964687105,17
c2_uuid_d60e0f4a.nc,c2_uuid_f544906f.nc,5.814614450323942,18
c2_uuid_d60e0f4a.nc,c2_uuid_ec81d97e.nc,10.01647859053027,19
c2_uuid_dc364aad.nc,c2_uuid_c6fae318.nc,1.2818987709587035,1
c2_uuid_dc364aad.nc,c2_uuid_735327ae.nc,2.106766856341906,2
c2_uuid_dc364aad.nc,c2_uuid_aa20f8c4.nc,2.846175511620577,3
c2_uuid_dc364aad.nc,c2_uuid_4df18da4.nc,3.087792088488761,4
c2_uuid_dc364aad.nc,c2_uuid_49511e7b.nc,3.608635439775448,5
c2_uuid_dc364aad.nc,c2_uuid_aebda966.nc,4.2466982811774345,6
c2_uuid_dc364aad.nc,c2_uuid_fca79975.nc,4.406474929848388,7
c2_uuid_dc364aad.nc,c2_uuid_eb59c68d.nc,4.483388692422702,8
c2_uuid_dc364aad.nc,c2_uuid_495c8cf2.nc,4.716068448114348,9
c2_uuid_dc364aad.nc,c2_uuid_4c0d80da.nc,4.846549422147054,10
c2_uuid_dc364aad.nc,c2_uuid_4b4eea26.nc,4.872050160632299,11
c2_uuid_dc364aad.nc,c2_uuid_fa40c633.nc,4.903305909636841,12
c2_uuid_dc364aad.nc,c2_uuid_a8aaadc4.nc,4.907020908279343,13
c2_uuid_dc364aad.nc,c2_uuid_f544906f.nc,5.183089778398067,14
c2_uuid_dc364aad.nc,c2_uuid_d60e0f4a.nc,5.1916456964687105,15
c2_uuid_dc364aad.nc,c2_uuid_80ab3494.nc,5.207075863942325,16
c2_uuid_dc364aad.nc,c2_uuid_ff53a69a.nc,5.873456473654697,17
c2_uuid_dc364aad.nc,c2_uuid_fbf4a196.nc,6.486882758742961,18
c2_uuid_dc364aad.nc,c2_uuid_ec81d97e.nc,11.21172428025175,19
c2_uuid_eb59c68d.nc,c2_uuid_495c8cf2.nc,1.3208579793879194,1
c2_uuid_eb59c68d.nc,c2_uuid_80ab3494.nc,1.7057447670780224,2
c2_uuid_eb59c68d.nc,c2_uuid_4b4eea26.nc,1.8143322769196846,3
c2_uuid_eb59c68d.nc,c2_uuid_fa40c633.nc,2.014622063466427,4
c2_uuid_eb59c68d.nc,c2_uuid_49511e7b.nc,2.140037673054303,5
c2_uuid_eb59c68d.nc,c2_uuid_aa20f8c4.nc,2.7603916691841457,6
c2_uuid_eb59c68d.nc,c2_uuid_aebda966.nc,2.799049257192243,7
c2_uuid_eb59c68d.nc,c2_uuid_c6fae318.nc,3.274255668014154,8
c2_uuid_eb59c68d.nc,c2_uuid_d60e0f4a.nc,4.106498956211134,9
c2_uuid_eb59c68d.nc,c2_uuid_735327ae.nc,4.117752098371458,10
c2_uuid_eb59c68d.nc,c2_uuid_fca79975.nc,4.183670686221475,11
c2_uuid_eb59c68d.nc,c2_uuid_dc364aad.nc,4.483388692422702,12
c2_uuid_eb59c68d.nc,c2_uuid_ff53a69a.nc,4.655592444496674,13
c2_uuid_eb59c68d.nc,c2_uuid_a8aaadc4.nc,4.847259444766297,14
c2_uuid_eb59c68d.nc,c2_uuid_4c0d80da.nc,5.52685391260748,15
c2_uuid_eb59c68d.nc,c2_uuid_4df18da4.nc,5.750046155158554,16
c2_uuid_eb59c68d.nc,c2_uuid_fbf4a196.nc,5.978158811162641,17
c2_uuid_eb59c68d.nc,c2_uuid_f544906f.nc,7.475407582837417,18
c2_uuid_eb59c68d.nc,c2_uuid_ec81d97e.nc,8.97618965168194,19
c2_uuid_ec81d97e.nc,c2_uuid_4c0d80da.nc,8.590424039169783,1
c2_uuid_ec81d97e.nc,c2_uuid_a8aaadc4.nc,8.711980552469107,2
c2_uuid_ec81d97e.nc,c2_uuid_aebda966.nc,8.890394924288715,3
c2_uuid_ec81d97e.nc,c2_uuid_eb59c68d.nc,8.97618965168194,4
c2_uuid_ec81d97e.nc,c2_uuid_fbf4a196.nc,8.983788756005557,5
c2_uuid_ec81d97e.nc,c2_uuid_ff53a69a.nc,9.039506681847817,6
c2_uuid_ec81d97e.nc,c2_uuid_fa40c633.nc,9.04267271000332,7
c2_uuid_ec81d97e.nc,c2_uuid_fca79975.nc,9.133908116670945,8
c2_uuid_ec81d97e.nc,c2_uuid_49511e7b.nc,9.150110477648434,9
c2_uuid_ec81d97e.nc,c2_uuid_4b4eea26.nc,9.362558853011693,10
c2_uuid_ec81d97e.nc,c2_uuid_495c8cf2.nc,9.479722168823475,11
c2_uuid_ec81d97e.nc,c2_uuid_80ab3494.nc,9.566892676244084,12
c2_uuid_ec81d97e.nc,c2_uuid_aa20f8c4.nc,9.811948611393701,13
c2_uuid_ec81d97e.nc,c2_uuid_d60e0f4a.nc,10.01647859053027,14
c2_uuid_ec81d97e.nc,c2_uuid_f544906f.nc,10.057147637713994,15
c2_uuid_ec81d97e.nc,c2_uuid_735327ae.nc,10.332189286175545,16
c2_uuid_ec81d97e.nc,c2_uuid_c6fae318.nc,10.539171261156927,17
c2_uuid_ec81d97e.nc,c2_uuid_4df18da4.nc,11.035581025132705,18
c2_uuid_ec81d97e.nc,c2_uuid_dc364aad.nc,11.21172428025175,19
c2_uuid_f544906f.nc,c2_uuid_4df18da4.nc,2.973630704798816,1
c2_uuid_f544906f.nc,c2_uuid_a8aaadc4.nc,3.8604585561052454,2
c2_uuid_f544906f.nc,c2_uuid_735327ae.nc,4.209275209175329,3
c2_uuid_f544906f.nc,c2_uuid_fca79975.nc,4.410401736873335,4
c2_uuid_f544906f.nc,c2_uuid_4c0d80da.nc,4.548513016514187,5
c2_uuid_f544906f.nc,c2_uuid_fbf4a196.nc,4.587231418607668,6
c2_uuid_f544906f.nc,c2_uuid_dc364aad.nc,5.183089778398067,7
c2_uuid_f544906f.nc,c2_uuid_ff53a69a.nc,5.438040309017569,8
c2_uuid_f544906f.nc,c2_uuid_aa20f8c4.nc,5.485336797883873,9
c2_uuid_f544906f.nc,c2_uuid_aebda966.nc,5.60323132943226,10
c2_uuid_f544906f.nc,c2_uuid_c6fae318.nc,5.798979607727258,11
c2_uuid_f544906f.nc,c2_uuid_d60e0f4a.nc,5.814614450323942,12
c2_uuid_f544906f.nc,c2_uuid_49511e7b.nc,5.884273722183094,13
c2_uuid_f544906f.nc,c2_uuid_fa40c633.nc,6.75279355836726,14
c2_uuid_f544906f.nc,c2_uuid_4b4eea26.nc,7.206561699172659,15
c2_uuid_f544906f.nc,c2_uuid_495c8cf2.nc,7.406309301411355,16
c2_uuid_f544906f.nc,c2_uuid_eb59c68d.nc,7.475407582837417,17
c2_uuid_f544906f.nc,c2_uuid_80ab3494.nc,7.7529718521948485,18
c2_uuid_f544906f.nc,c2_uuid_ec81d97e.nc,10.057147637713994,19
c2_uuid_fa40c633.nc,c2_uuid_4b4eea26.nc,1.0715244756555462,1
c2_uuid_fa40c633.nc,c2_uuid_495c8cf2.nc,1.156277276246799,2
c2_uuid_fa40c633.nc,c2_uuid_80ab3494.nc,1.3111242387109725,3
c2_uuid_fa40c633.nc,c2_uuid_eb59c68d.nc,2.014622063466427,4
c2_uuid_fa40c633.nc,c2_uuid_49511e7b.nc,2.2314505485854257,5
c2_uuid_fa40c633.nc,c2_uuid_aebda966.nc,2.2469091898879556,6
c2_uuid_fa40c633.nc,c2_uuid_d60e0f4a.nc,2.397051453909085,7
c2_uuid_fa40c633.nc,c2_uuid_aa20f8c4.nc,2.87171453990974,8
c2_uuid_fa40c633.nc,c2_uuid_ff53a69a.nc,3.0259622690736423,9
c2_uuid_fa40c633.nc,c2_uuid_fca79975.nc,3.2693488426602264,10
c2_uuid_fa40c633.nc,c2_uuid_a8aaadc4.nc,3.6043611481547977,11
c2_uuid_fa40c633.nc,c2_uuid_735327ae.nc,3.809521071047533,12
c2_uuid_fa40c633.nc,c2_uuid_c6fae318.nc,4.001102277790153,13
c2_uuid_fa40c633.nc,c2_uuid_fbf4a196.nc,4.440914689944007,14
c2_uuid_fa40c633.nc,c2_uuid_dc364aad.nc,4.903305909636841,15
c2_uuid_fa40c633.nc,c2_uuid_4df18da4.nc,5.026713550196559,16
c2_uuid_fa40c633.nc,c2_uuid_4c0d80da.nc,5.140948280009718,17
c2_uuid_fa40c633.nc,c2_uuid_f544906f.nc,6.75279355836726,18
c2_uuid_fa40c633.nc,c2_uuid_ec81d97e.nc,9.04267271000332,19
c2_uuid_fbf4a196.nc,c2_uuid_ff53a69a.nc,1.7950398073066924,1
c2_uuid_fbf4a196.nc,c2_uuid_a8aaadc4.nc,2.342101038712276,2
c2_uuid_fbf4a196.nc,c2_uuid_fca79975.nc,2.5432470301134886,3
c2_uuid_fbf4a196.nc,c2_uuid_d60e0f4a.nc,3.269964759414155,4
c2_uuid_fbf4a196.nc,c2_uuid_aebda966.nc,3.6028174685017955,5
c2_uuid_fbf4a196.nc,c2_uuid_fa40c633.nc,4.440914689944007,6
c2_uuid_fbf4a196.nc,c2_uuid_49511e7b.nc,4.479182175428724,7
c2_uuid_fbf4a196.nc,c2_uuid_4df18da4.nc,4.539449869496039,8
c2_uuid_fbf4a196.nc,c2_uuid_f544906f.nc,4.587231418607668,9
c2_uuid_fbf4a196.nc,c2_uuid_735327ae.nc,4.661578249307841,10
c2_uuid_fbf4a196.nc,c2_uuid_aa20f8c4.nc,4.671045454578746,11
c2_uuid_fbf4a196.nc,c2_uuid_4b4eea26.nc,5.097082423076945,12
c2_uuid_fbf4a196.nc,c2_uuid_495c8cf2.nc,5.489920121423257,13
c2_uuid_fbf4a196.nc,c2_uuid_80ab3494.nc,5.49821887549645,14
c2_uuid_fbf4a196.nc,c2_uuid_4c0d80da.nc,5.768723827168478,15
c2_uuid_fbf4a196.nc,c2_uuid_eb59c68d.nc,5.978158811162641,16
c2_uuid_fbf4a196.nc,c2_uuid_c6fae318.nc,6.315989879567607,17
c2_uuid_fbf4a196.nc,c2_uuid_dc364aad.nc,6.486882758742961,18
c2_uuid_fbf4a196.nc,c2_uuid_ec81d97e.nc,8.983788756005557,19
c2_uuid_fca79975.nc,c2_uuid_aebda966.nc,1.6020278753217738,1
c2_uuid_fca79975.nc,c2_uuid_49511e7b.nc,2.3069168261450628,2
c2_uuid_fca79975.nc,c2_uuid_aa20f8c4.nc,2.315640234602046,3
c2_uuid_fca79975.nc,c2_uuid_ff53a69a.nc,2.3318622713581294,4
c2_uuid_fca79975.nc,c2_uuid_a8aaadc4.nc,2.473130963282175,5
c2_uuid_fca79975.nc,c2_uuid_fbf4a196.nc,2.5432470301134886,6
c2_uuid_fca79975.nc,c2_uuid_d60e0f4a.nc,2.6814633136383557,7
c2_uuid_fca79975.nc,c2_uuid_735327ae.nc,2.968859847297281,8
c2_uuid_fca79975.nc,c2_uuid_fa40c633.nc,3.269348842660226,9
c2_uuid_fca79975.nc,c2_uuid_4df18da4.nc,3.568503235655473,10
c2_uuid_fca79975.nc,c2_uuid_4b4eea26.nc,3.876752994315317,11
c2_uuid_fca79975.nc,c2_uuid_495c8cf2.nc,4.053422296682796,12
c2_uuid_fca79975.nc,c2_uuid_c6fae318.nc,4.08594901625135,13
c2_uuid_fca79975.nc,c2_uuid_eb59c68d.nc,4.183670686221475,14
c2_uuid_fca79975.nc,c2_uuid_80ab3494.nc,4.215137605125611,15
c2_uuid_fca79975.nc,c2_uuid_dc364aad.nc,4.406474929848388,16
c2_uuid_fca79975.nc,c2_uuid_f544906f.nc,4.410401736873335,17
c2_uuid_fca79975.nc,c2_uuid_4c0d80da.nc,5.03805239284776,18
c2_uuid_fca79975.nc,c2_uuid_ec81d97e.nc,9.133908116670945,19
c2_uuid_ff53a69a.nc,c2_uuid_fbf4a196.nc,1.7950398073066924,1
c2_uuid_ff53a69a.nc,c2_uuid_a8aaadc4.nc,1.9886035913941902,2
c2_uuid_ff53a69a.nc,c2_uuid_fca79975.nc,2.3318622713581294,3
c2_uuid_ff53a69a.nc,c2_uuid_aebda966.nc,2.561433653168955,4
c2_uuid_ff53a69a.nc,c2_uuid_d60e0f4a.nc,2.581340538614279,5
c2_uuid_ff53a69a.nc,c2_uuid_fa40c633.nc,3.0259622690736423,6
c2_uuid_ff53a69a.nc,c2_uuid_49511e7b.nc,3.384029135306403,7
c2_uuid_ff53a69a.nc,c2_uuid_4b4eea26.nc,3.498430226670067,8
c2_uuid_ff53a69a.nc,c2_uuid_aa20f8c4.nc,3.7478332806308905,9
c2_uuid_ff53a69a.nc,c2_uuid_80ab3494.nc,3.894087295832791,10
c2_uuid_ff53a69a.nc,c2_uuid_735327ae.nc,3.9788400813226055,11
c2_uuid_ff53a69a.nc,c2_uuid_495c8cf2.nc,3.9915686239123924,12
c2_uuid_ff53a69a.nc,c2_uuid_4df18da4.nc,4.46829113041522,13
c2_uuid_ff53a69a.nc,c2_uuid_eb59c68d.nc,4.655592444496674,14
c2_uuid_ff53a69a.nc,c2_uuid_f544906f.nc,5.438040309017569,15
c2_uuid_ff53a69a.nc,c2_uuid_c6fae318.nc,5.484518381440996,16
c2_uuid_ff53a69a.nc,c2_uuid_4c0d80da.nc,5.802494431367943,17
c2_uuid_ff53a69a.nc,c2_uuid_dc364aad.nc,5.873456473654697,18
c2_uuid_ff53a69a.nc,c2_uuid_ec81d97e.nc,9.039506681847817,19
